date	AAPL	MSFT	SPY
2013-04-12	55.8929	25.2986	143.7172
2013-04-15	54.5989	25.2107	140.3849
2013-04-16	55.4299	25.4568	142.4593
2013-04-17	52.3817	25.3294	140.3777
2013-04-18	50.9837	25.2986	139.4998
2013-04-19	50.7861	26.1554	140.7126
2013-04-22	51.8446	27.0912	141.337
2013-04-23	52.8147	26.8891	142.7941
2013-04-24	52.7279	27.9084	142.8846
2013-04-25	53.1073	28.0666	143.4638
2013-04-26	54.255	27.9348	143.2104
2013-04-29	55.9345	28.6554	144.1697
2013-04-30	57.5809	29.0859	144.5137
2013-05-01	57.127	28.752	143.2466
2013-05-02	57.9372	29.1387	144.577
2013-05-03	58.5172	29.4286	146.0413
2013-05-06	59.9125	29.6571	146.4142
2013-05-07	59.6457	29.2705	147.1562
2013-05-08	60.3196	28.9893	147.826
2013-05-09	59.7934	28.6993	147.4106
2013-05-10	59.2959	28.7256	147.8894
2013-05-13	59.5276	29.0244	148.007
2013-05-14	58.1034	29.6704	149.5365
2013-05-15	56.1385	29.9491	150.3375
2013-05-16	56.8883	30.1571	149.6361
2013-05-17	56.7158	30.8561	151.0841
2013-05-20	57.9816	31.042	151.075
2013-05-21	57.5536	30.8384	151.2923
2013-05-22	57.7753	30.6261	150.17
2013-05-23	57.8782	30.219	149.7356
2013-05-24	58.2723	30.3243	149.6071
2013-05-28	57.7865	30.9889	150.5049
2013-05-29	58.2461	30.865	149.5275
2013-05-30	59.114	30.9977	150.0795
2013-05-31	58.8725	30.8827	147.9211
2013-06-03	59.0014	31.4932	148.7401
2013-06-04	58.8168	30.9623	148.0251
2013-06-05	58.267	30.7765	145.9544
2013-06-06	57.3965	30.9358	147.274
2013-06-07	57.8352	31.564	149.1474
2013-06-10	57.4528	31.3871	149.1474
2013-06-11	57.2839	30.8296	147.607
2013-06-12	56.5757	30.9712	146.387
2013-06-13	57.0699	30.719	148.6134
2013-06-14	56.2956	30.4402	147.6767
2013-06-17	56.5509	30.9712	148.8215
2013-06-18	56.5207	30.9535	149.9936
2013-06-19	55.3727	30.6084	147.9256
2013-06-20	54.5661	29.635	144.2602
2013-06-21	54.1291	29.4359	144.7234
2013-06-24	52.6944	29.8341	142.8947
2013-06-25	52.7062	29.7943	144.2731
2013-06-26	52.1093	30.396	145.6969
2013-06-27	51.5477	30.6349	146.5521
2013-06-28	51.9077	30.5685	145.9517
2013-07-01	53.5688	30.4048	146.8069
2013-07-02	54.7823	30.0332	146.6704
2013-07-03	55.0847	30.0951	146.7341
2013-07-05	54.6423	30.2721	148.3172
2013-07-08	54.332	30.3739	149.1587
2013-07-09	55.2876	30.396	150.2369
2013-07-10	55.0756	30.7057	150.2933
2013-07-11	55.934	31.5773	152.3385
2013-07-12	55.8322	31.564	152.4022
2013-07-15	55.9539	32.0065	152.989
2013-07-16	56.3146	32.095	152.4159
2013-07-17	56.3296	31.626	152.8026
2013-07-18	56.5192	31.3605	153.6395
2013-07-19	55.628	27.7856	153.9125
2013-07-22	55.806	28.3253	154.2127
2013-07-23	54.8478	28.1572	153.8852
2013-07-24	57.6649	28.2811	153.3211
2013-07-25	57.4017	27.7767	153.6941
2013-07-26	57.7277	27.9802	153.8579
2013-07-29	58.6178	27.9094	153.3848
2013-07-30	59.3417	28.1838	153.383
2013-07-31	59.2383	28.1749	153.494
2013-08-01	59.7811	28.0245	155.2681
2013-08-02	60.5487	28.2192	155.532
2013-08-05	61.4532	28.051	155.3045
2013-08-06	61.3055	27.9448	154.422
2013-08-07	61.27	28.3722	153.9216
2013-08-08	60.7468	29.104	154.4857
2013-08-09	59.8824	28.9359	154.0399
2013-08-12	61.5836	29.0863	153.8588
2013-08-13	64.5102	28.721	154.3128
2013-08-14	65.6869	28.8279	153.5213
2013-08-15	65.6091	28.3289	151.3741
2013-08-16	66.1915	28.3378	150.8737
2013-08-19	66.9044	27.9751	149.9093
2013-08-20	66.0255	28.1774	150.6463
2013-08-21	66.1955	28.1685	149.7183
2013-08-22	66.2746	28.8636	151.083
2013-08-23	66.0189	30.9666	151.5925
2013-08-26	66.2759	30.4319	151.0284
2013-08-27	64.381	29.6388	148.5992
2013-08-28	64.6849	29.425	149.1269
2013-08-29	64.7908	29.8973	149.3634
2013-08-30	64.2	29.7636	148.8903
2013-09-03	64.3797	28.4091	149.5636
2013-09-04	65.712	27.7987	150.8009
2013-09-05	65.2612	27.8343	150.992
2013-09-06	65.65	27.7603	151.0648
2013-09-09	66.6975	28.2086	152.515
2013-09-10	65.1782	28.8636	153.6395
2013-09-11	61.6297	29.1755	154.1217
2013-09-12	62.2859	29.1309	153.7123
2013-09-13	61.2594	29.4339	154.0581
2013-09-16	59.3119	29.2298	154.9497
2013-09-17	59.9971	29.3448	155.6411
2013-09-18	61.2304	29.6923	157.4435
2013-09-19	62.2345	29.9775	157.1787
2013-09-20	61.5902	29.2209	156.0797
2013-09-23	64.6512	29.1755	155.3574
2013-09-24	64.4482	28.9215	154.9917
2013-09-25	63.4507	28.966	154.5438
2013-09-26	64.0687	29.2022	155.138
2013-09-27	63.6115	29.6478	154.424
2013-09-30	62.8209	29.6567	153.6021
2013-10-01	64.298	29.924	154.818
2013-10-02	64.5088	30.227	154.6717
2013-10-03	63.6985	30.1735	153.2455
2013-10-04	63.6484	30.1913	154.4066
2013-10-07	64.2703	29.6745	153.0718
2013-10-08	63.373	29.4161	151.289
2013-10-09	64.1172	29.4695	151.3988
2013-10-10	64.5191	30.0844	154.6626
2013-10-11	64.9374	30.4141	155.6591
2013-10-14	65.3627	30.6993	156.2808
2013-10-15	65.7106	30.7349	155.1472
2013-10-16	66.0313	30.8686	157.3139
2013-10-17	66.4775	31.1181	158.3653
2013-10-18	67.0559	31.1538	159.4331
2013-10-21	68.6994	31.1805	159.4441
2013-10-22	68.5024	30.8151	160.3675
2013-10-23	69.1735	30.0844	159.5995
2013-10-24	70.0893	30.0488	160.1298
2013-10-25	69.305	31.8399	160.8612
2013-10-28	69.8212	31.6973	161.1172
2013-10-29	68.0822	31.6528	161.9766
2013-10-30	69.165	31.6706	161.172
2013-10-31	68.8759	31.5503	160.7149
2013-11-01	68.5239	31.6572	161.0989
2013-11-04	69.4093	32.0271	161.6657
2013-11-05	69.2379	32.6508	161.1537
2013-11-06	69.0419	34.0232	161.9766
2013-11-07	67.9249	33.4172	159.9286
2013-11-08	68.9942	33.6667	162.0863
2013-11-11	68.7938	33.4974	162.1137
2013-11-12	68.9213	33.2925	161.7846
2013-11-13	69.004	34.0009	163.0828
2013-11-14	70.0015	33.8815	163.8965
2013-11-15	69.5815	33.7211	164.6096
2013-11-18	68.7383	33.1499	164.0336
2013-11-19	68.8603	32.9883	163.677
2013-11-20	68.2573	33.2935	163.1651
2013-11-21	69.0705	33.5809	164.4816
2013-11-22	68.8935	33.7335	165.3044
2013-11-25	69.4157	33.7964	165.1398
2013-11-26	70.696	33.536	165.1855
2013-11-27	72.3607	33.7604	165.5878
2013-11-29	73.7006	34.2363	165.4781
2013-12-02	73.0592	34.5236	165.0484
2013-12-03	75.0594	34.3979	164.3353
2013-12-04	74.8842	34.9636	164.317
2013-12-05	75.2687	34.1196	163.5948
2013-12-06	74.2242	34.4428	165.4232
2013-12-09	75.0737	34.7526	165.8438
2013-12-10	74.9571	34.2184	165.2495
2013-12-11	74.4018	33.7694	163.3936
2013-12-12	74.2931	33.4192	162.8542
2013-12-13	73.4833	32.9434	162.8359
2013-12-16	73.8902	33.1185	163.8471
2013-12-17	73.5575	32.7907	163.3296
2013-12-18	72.9982	32.8446	166.1181
2013-12-19	72.1619	32.5483	165.9261
2013-12-20	72.7662	33.0421	166.8915
2013-12-23	75.5588	32.8805	167.7831
2013-12-24	75.2381	33.2935	168.1508
2013-12-26	74.7384	33.6168	169.001
2013-12-27	74.2334	33.4821	168.9919
2013-12-30	73.4952	33.4821	168.9689
2013-12-31	74.3567	33.5898	169.7686
2014-01-02	73.311	33.3654	168.1416
2014-01-03	71.7006	33.1409	168.1094
2014-01-06	72.0916	32.4405	167.6268
2014-01-07	71.5757	32.692	168.6563
2014-01-08	72.0293	32.1083	168.6931
2014-01-09	71.1094	31.9018	168.8034
2014-01-10	70.635	32.3597	169.263
2014-01-13	71.0048	31.408	167.0064
2014-01-14	72.4177	32.1263	168.831
2014-01-15	73.8716	33.0062	169.741
2014-01-16	73.4594	33.1229	169.5204
2014-01-17	71.6595	32.665	168.7988
2014-01-21	72.7729	32.4765	169.2998
2014-01-22	73.0963	32.261	169.4101
2014-01-23	73.7152	32.3732	168.0221
2014-01-24	72.3753	33.0466	164.4372
2014-01-27	72.9624	32.3508	163.6283
2014-01-28	67.1307	32.5663	164.6026
2014-01-29	66.3686	32.9164	163.0216
2014-01-30	66.2403	33.096	164.7497
2014-01-31	66.3487	33.9759	163.7845
2014-02-03	66.472	32.7548	160.0985
2014-02-04	67.4342	32.6381	161.2154
2014-02-05	67.9379	32.1622	161.0177
2014-02-06	68.3339	32.4854	163.1411
2014-02-07	69.2898	32.8266	165.1634
2014-02-10	70.5312	33.0421	165.4667
2014-02-11	71.4605	33.3788	167.2775
2014-02-12	71.4551	33.6437	167.3603
2014-02-13	72.5898	33.7694	168.2243
2014-02-14	72.5311	33.7784	169.1527
2014-02-18	72.7978	33.8508	169.3549
2014-02-19	71.6485	33.9322	168.2335
2014-02-20	70.8192	34.1493	169.2263
2014-02-21	70.0325	34.3574	169.0332
2014-02-24	70.3392	34.095	169.9708
2014-02-25	69.6072	33.9593	169.9065
2014-02-26	68.9792	33.896	169.9157
2014-02-27	70.3552	34.2488	170.8073
2014-02-28	70.1645	34.6559	171.2393
2014-03-03	70.3672	34.1764	170.0352
2014-03-04	70.8312	34.7463	172.4251
2014-03-05	70.9805	34.475	172.5814
2014-03-06	70.7658	34.5111	172.9766
2014-03-07	70.7245	34.285	173.0502
2014-03-10	70.7885	34.2126	172.9582
2014-03-11	71.4778	34.3935	172.1034
2014-03-12	71.5471	34.6197	172.1493
2014-03-13	70.7525	34.2759	170.219
2014-03-14	69.9578	34.1041	169.741
2014-03-17	70.2312	34.4207	171.2761
2014-03-18	70.8525	35.7776	172.4986
2014-03-19	70.8338	35.5243	171.5794
2014-03-20	70.4925	36.4832	172.5786
2014-03-21	71.0485	36.3294	171.9116
2014-03-24	71.8911	36.637	171.2007
2014-03-25	72.6645	36.4923	172.0132
2014-03-26	71.9698	35.9947	170.776
2014-03-27	71.6605	35.6057	170.4159
2014-03-28	71.5805	36.4561	171.2561
2014-03-31	71.5645	37.0803	172.6595
2014-04-01	72.2191	37.4692	173.8043
2014-04-02	72.3391	37.4059	174.386
2014-04-03	71.8378	37.0983	174.1552
2014-04-04	70.9085	36.0671	172.0963
2014-04-07	69.7952	36.0038	170.1944
2014-04-08	69.7912	36.0219	170.896
2014-04-09	70.7085	36.6099	172.7333
2014-04-10	69.7965	35.6057	169.1003
2014-04-11	69.2805	35.4691	167.5815
2014-04-14	69.5565	35.4429	168.9019
2014-04-15	69.0605	35.9585	170.0651
2014-04-16	69.2005	36.5465	171.8424
2014-04-17	69.9912	36.1937	172.087
2014-04-21	70.8218	36.1304	172.6872
2014-04-22	70.8924	36.1756	173.4719
2014-04-23	69.9658	35.9042	173.0657
2014-04-24	75.7018	36.058	173.4165
2014-04-25	76.2578	36.1033	171.9947
2014-04-28	79.2111	36.9717	172.5348
2014-04-29	78.9764	36.646	173.3427
2014-04-30	78.6777	36.5465	173.8597
2014-05-01	78.8631	36.1847	173.8736
2014-05-02	79.0097	35.9042	173.6289
2014-05-05	80.127	35.669	173.9613
2014-05-06	79.2537	35.3343	172.4471
2014-05-07	78.9764	35.6645	173.4627
2014-05-08	78.4599	35.859	173.2734
2014-05-09	78.1334	35.7686	173.5366
2014-05-12	79.1058	36.1575	175.2215
2014-05-13	79.2299	36.8226	175.3831
2014-05-14	79.2446	36.6586	174.5522
2014-05-15	78.5707	36.0755	173.0195
2014-05-16	79.7303	36.2851	173.6197
2014-05-19	80.675	36.2122	174.2567
2014-05-20	80.691	36.1484	173.158
2014-05-21	80.9045	36.7588	174.6168
2014-05-22	81.0326	36.531	175.0415
2014-05-23	81.948	36.5493	175.7432
2014-05-27	83.4825	36.613	176.8234
2014-05-28	83.2664	36.4491	176.6941
2014-05-29	84.7836	36.7497	177.6082
2014-05-30	84.466	37.2963	177.8944
2014-06-02	83.8855	37.1596	178.0929
2014-06-03	85.0718	36.7041	178.0052
2014-06-04	86.0432	36.7315	178.3652
2014-06-05	86.3808	37.5423	179.5285
2014-06-06	86.1433	37.7882	180.3826
2014-06-09	87.5217	37.5969	180.5718
2014-06-10	88.0355	37.4512	180.5903
2014-06-11	87.6712	37.2234	179.9625
2014-06-12	86.2047	36.9683	178.6884
2014-06-13	85.2613	37.5605	179.2331
2014-06-16	86.1206	37.8064	179.3808
2014-06-17	86.0085	37.9704	179.8794
2014-06-18	86.1019	37.9431	181.195
2014-06-19	85.803	37.8156	180.5349
2014-06-20	84.9157	37.9704	181.7749
2014-06-23	84.841	38.2528	181.7192
2014-06-24	84.3272	38.0296	180.6246
2014-06-25	84.4019	38.2893	181.4409
2014-06-26	84.9063	38.0069	181.3111
2014-06-27	85.9151	38.4897	181.6636
2014-06-30	86.8025	37.9886	181.5708
2014-07-01	87.3536	38.1435	182.7861
2014-07-02	87.3162	38.1708	182.9717
2014-07-03	87.83	38.0797	183.8715
2014-07-07	89.6402	38.2528	183.2314
2014-07-08	89.0629	38.0615	182.0532
2014-07-09	89.1003	37.9613	182.8696
2014-07-10	88.7687	37.975	182.146
2014-07-11	88.9415	38.3439	182.3965
2014-07-14	90.0904	38.3895	183.3149
2014-07-15	89.0349	38.6719	182.9717
2014-07-16	88.5305	40.1568	183.6489
2014-07-17	86.9518	40.5668	181.5615
2014-07-18	88.2036	40.7125	183.4169
2014-07-21	87.745	40.8446	183.0737
2014-07-22	88.4745	40.8401	183.8715
2014-07-23	90.7816	40.8765	184.2797
2014-07-24	90.6322	40.4483	184.289
2014-07-25	91.2309	40.5394	183.4262
2014-07-28	92.4909	40.0566	183.5004
2014-07-29	91.8931	39.9792	182.7119
2014-07-30	91.6783	39.7	182.7397
2014-07-31	89.2964	39.3187	179.1309
2014-08-01	89.7915	39.0454	178.5836
2014-08-04	89.2871	39.51	179.8731
2014-08-05	88.8481	39.2458	178.129
2014-08-06	88.6986	38.9361	178.1847
2014-08-07	88.6892	39.3825	177.2199
2014-08-08	88.9333	39.3551	179.2701
2014-08-11	90.1067	39.3551	179.785
2014-08-12	90.0879	39.6467	179.5391
2014-08-13	91.28	40.1568	180.7544
2014-08-14	91.5241	40.3299	181.6079
2014-08-15	91.9747	40.8036	181.5708
2014-08-18	93.0824	41.0951	183.0923
2014-08-19	94.3684	41.5535	184.0478
2014-08-20	94.4059	41.2051	184.5395
2014-08-21	94.4153	41.4527	185.0776
2014-08-22	95.11	41.3885	184.79
2014-08-25	95.3165	41.4068	185.7269
2014-08-26	94.7054	41.2556	185.8475
2014-08-27	95.8703	41.1318	185.7733
2014-08-28	95.983	41.141	185.6713
2014-08-29	96.2177	41.6452	186.2001
2014-09-02	96.9686	41.3335	186.1073
2014-09-03	92.8759	41.2143	186.0053
2014-09-04	92.1061	41.4893	185.7363
2014-09-05	92.904	42.0852	186.5712
2014-09-08	92.3314	42.5985	186.0888
2014-09-09	91.9841	42.8644	184.9106
2014-09-10	94.8096	42.9377	185.6063
2014-09-11	95.2132	43.0844	185.8197
2014-09-12	95.4291	42.8048	184.7343
2014-09-15	95.401	42.3877	184.5961
2014-09-16	94.6782	42.8644	185.9867
2014-09-17	95.354	42.6443	186.2372
2014-09-18	95.5512	42.791	187.2298
2014-09-19	94.772	43.561	187.0614
2014-09-22	94.8659	43.1394	185.6167
2014-09-23	96.3491	42.681	184.5542
2014-09-24	95.5136	43.1577	185.9989
2014-09-25	91.8714	42.2043	182.9977
2014-09-26	94.5749	42.5435	184.4517
2014-09-29	93.9741	42.571	184.1161
2014-09-30	94.5749	42.4977	183.6315
2014-10-01	93.1011	42.076	181.1429
2014-10-02	93.777	41.9477	181.1709
2014-10-03	93.5142	42.2502	183.1654
2014-10-06	93.5142	42.2502	182.9511
2014-10-07	92.6975	41.7368	180.127
2014-10-08	94.6219	42.8827	183.2773
2014-10-09	94.8284	42.0302	179.6423
2014-10-10	94.5561	40.3618	177.5918
2014-10-13	93.6925	40.0135	174.6744
2014-10-14	92.6975	40.0868	174.9448
2014-10-15	91.5617	39.6193	173.7611
2014-10-16	90.3601	39.1793	173.612
2014-10-17	91.6837	39.9951	175.6625
2014-10-20	93.6456	40.4076	177.3681
2014-10-21	96.1895	41.141	180.8819
2014-10-22	96.6776	40.6826	179.5957
2014-10-23	98.4048	41.2693	181.6835
2014-10-24	98.7709	42.2868	183.0816
2014-10-27	98.6677	42.0852	182.8299
2014-10-28	100.1978	42.6168	184.927
2014-10-29	100.761	42.736	184.6474
2014-10-30	100.4231	42.2135	185.8311
2014-10-31	101.3806	43.0385	187.9561
2014-11-03	102.6947	43.4877	188.0587
2014-11-04	101.9438	43.6069	187.4062
2014-11-05	102.1878	43.8727	188.5899
2014-11-06	102.4801	44.6427	189.3449
2014-11-07	102.7723	44.6244	189.522
2014-11-10	102.6026	44.8169	190.1185
2014-11-11	103.4228	44.7986	190.3002
2014-11-12	104.8841	44.7161	190.0998
2014-11-13	106.3643	45.4769	190.3142
2014-11-14	107.6465	45.4494	190.3608
2014-11-17	107.4674	45.3394	190.482
2014-11-18	108.8627	44.9612	191.5818
2014-11-19	108.1084	44.4815	191.2742
2014-11-20	109.6546	44.9243	191.6098
2014-11-21	109.8054	44.2601	192.635
2014-11-24	111.8371	43.9004	193.1756
2014-11-25	110.8708	43.7897	193.0358
2014-11-26	112.1907	44.048	193.5298
2014-11-28	112.1247	44.1033	193.1197
2014-12-01	108.4856	44.8505	191.7775
2014-12-02	108.0707	44.7029	193.0125
2014-12-03	109.2964	44.3524	193.7628
2014-12-04	108.8815	45.0535	193.5484
2014-12-05	108.4196	44.666	193.8653
2014-12-08	105.9683	43.9972	192.5698
2014-12-09	107.5899	43.9004	192.4393
2014-12-10	105.5441	43.2639	189.3543
2014-12-11	105.233	43.5129	190.3142
2014-12-12	103.4511	43.31	187.2385
2014-12-15	102.0322	43.0517	185.9522
2014-12-16	100.6369	41.6588	184.461
2014-12-17	103.1494	42.1938	188.0773
2014-12-18	106.204	43.8358	192.7282
2014-12-19	105.3838	43.9649	193.5483
2014-12-22	106.4774	44.2601	194.4386
2014-12-23	106.1003	44.6937	194.701
2014-12-24	105.6007	44.4077	194.7198
2014-12-26	107.4674	44.1679	195.3477
2014-12-29	107.3919	43.7712	195.6101
2014-12-30	106.0815	43.3746	194.5604
2014-12-31	104.0639	42.8488	192.6298
2015-01-02	103.074	43.1347	192.5267
2015-01-05	100.1703	42.7334	189.0498
2015-01-06	100.1797	42.1108	187.2691
2015-01-07	101.5844	42.6458	189.6027
2015-01-08	105.4875	43.9004	192.9672
2015-01-09	105.6007	43.5314	191.4208
2015-01-12	102.9986	42.9871	189.9213
2015-01-13	103.9131	42.7611	189.3871
2015-01-14	103.5171	42.3921	188.2438
2015-01-15	100.7076	41.954	186.5193
2015-01-16	99.9251	42.655	188.9654
2015-01-20	102.4989	42.7934	189.3637
2015-01-21	103.2814	42.3598	190.3243
2015-01-22	105.9683	43.476	193.1547
2015-01-23	106.5152	43.5222	192.0956
2015-01-26	106.6283	43.3653	192.5455
2015-01-27	102.8949	39.3526	190.0057
2015-01-28	108.7118	37.9966	187.569
2015-01-29	112.0964	38.753	189.303
2015-01-30	110.456	37.2678	186.9223
2015-02-02	111.8419	38.0796	189.2372
2015-02-03	111.8607	38.3748	191.9738
2015-02-04	112.7186	38.5962	191.2428
2015-02-05	113.5232	39.1589	193.1734
2015-02-06	112.5672	39.122	192.6392
2015-02-09	113.3149	39.0759	191.777
2015-02-10	115.4919	39.2972	193.8201
2015-02-11	118.1989	39.0943	193.9325
2015-02-12	119.6943	39.7493	195.7975
2015-02-13	120.2812	40.4688	196.6035
2015-02-17	120.991	40.4874	196.9128
2015-02-18	121.8287	40.4409	196.9315
2015-02-19	121.5779	40.413	196.7909
2015-02-20	122.567	40.7428	197.9709
2015-02-23	125.8844	41.0169	197.9427
2015-02-24	125.0988	40.9612	198.506
2015-02-25	121.8997	40.8683	198.3373
2015-02-26	123.4377	40.9286	198.103
2015-02-27	121.5873	40.7382	197.4282
2015-03-02	122.1836	40.7661	198.6747
2015-03-03	122.4392	40.2086	197.8593
2015-03-04	121.663	39.9996	197.0253
2015-03-05	119.647	40.0507	197.2408
2015-03-06	119.8268	39.3539	194.4667
2015-03-09	120.3379	39.8092	195.2727
2015-03-10	117.8487	39.0473	192.105
2015-03-11	115.7001	39.0009	191.6551
2015-03-12	117.7919	38.109	194.0918
2015-03-13	116.9779	38.4435	192.899
2015-03-16	118.2651	38.6107	195.4789
2015-03-17	120.2433	38.7361	194.8978
2015-03-18	121.5968	39.484	197.2408
2015-03-19	120.674	39.2843	196.3411
2015-03-20	119.1643	39.837	198.074
2015-03-23	120.4042	39.8138	197.688
2015-03-24	119.912	39.8556	196.5772
2015-03-25	116.7791	38.5178	193.6966
2015-03-26	117.5931	38.2855	193.2353
2015-03-27	116.6561	38.0626	193.6778
2015-03-30	119.6091	38.0533	196.0406
2015-03-31	117.7729	37.7699	194.3273
2015-04-01	117.6026	37.8303	193.6401
2015-04-02	118.6153	37.4308	194.332
2015-04-06	120.5367	38.5968	195.6452
2015-04-07	119.2684	38.5828	195.1275
2015-04-08	118.8803	38.4806	195.7817
2015-04-09	119.789	38.5364	196.6525
2015-04-10	120.3001	38.7593	197.7257
2015-04-13	120.0635	38.7965	196.8314
2015-04-14	119.5429	38.6943	197.2079
2015-04-15	119.9972	39.2564	198.0928
2015-04-16	119.4198	39.1681	198.0363
2015-04-17	118.0758	38.6618	195.7582
2015-04-20	120.7733	39.8603	197.5468
2015-04-21	120.1203	39.6094	197.3115
2015-04-22	121.7388	39.9346	198.2811
2015-04-23	122.7326	40.2644	198.78
2015-04-24	123.31	44.4729	199.2412
2015-04-27	125.5532	44.6216	198.4129
2015-04-28	123.575	45.6667	199.0436
2015-04-29	121.7577	45.5785	198.2246
2015-04-30	118.4544	45.1883	196.2383
2015-05-01	122.0511	45.2022	198.3658
2015-05-04	121.8145	44.8167	198.9306
2015-05-05	119.0696	44.2221	196.6525
2015-05-06	118.3219	42.9957	195.8429
2015-05-07	119.0538	43.3859	196.6243
2015-05-08	121.2969	44.3614	199.213
2015-05-11	120.0613	44.0084	198.2575
2015-05-12	119.6288	43.9898	197.6692
2015-05-13	119.7666	44.2453	197.7068
2015-05-14	122.561	45.2626	199.7684
2015-05-15	122.3899	44.8678	199.985
2015-05-18	123.7395	44.603	200.6063
2015-05-19	123.6255	44.4908	200.5404
2015-05-20	123.616	44.4908	200.3992
2015-05-21	124.8801	44.3412	200.9828
2015-05-22	125.9731	43.8549	200.5027
2015-05-26	123.1978	43.565	198.347
2015-05-27	125.5026	44.5188	200.2297
2015-05-28	125.2507	44.3692	200.0038
2015-05-29	123.8251	43.8175	198.7612
2015-06-01	124.0674	44.1635	199.166
2015-06-02	123.5209	43.8736	198.9683
2015-06-03	123.673	43.8082	199.4954
2015-06-04	122.9507	43.35	197.8096
2015-06-05	122.2758	43.1443	197.4715
2015-06-08	121.4679	42.7609	196.2571
2015-06-09	121.1068	42.6861	196.2289
2015-06-10	122.4944	43.5837	198.5823
2015-06-11	122.2188	43.4248	199.2225
2015-06-12	120.8692	42.9853	197.6974
2015-06-15	120.6315	42.5224	196.8502
2015-06-16	121.2779	42.8544	197.9234
2015-06-17	120.9927	42.9853	198.2434
2015-06-18	121.544	43.6866	200.305
2015-06-19	120.3274	43.1069	199.4159
2015-06-22	121.2874	43.2284	200.4375
2015-06-23	120.7361	42.9292	200.5794
2015-06-24	121.7626	42.672	199.1227
2015-06-25	121.1828	42.6861	198.5172
2015-06-26	120.47	42.3214	198.4794
2015-06-29	118.36	41.4892	194.3172
2015-06-30	119.2106	41.2835	194.724
2015-07-01	120.3274	41.5593	196.2848
2015-07-02	120.1753	41.5172	196.1051
2015-07-06	119.7571	41.5079	195.547
2015-07-07	119.4625	41.4237	196.7767
2015-07-08	116.4971	41.3676	193.4753
2015-07-09	114.1209	41.6294	193.8253
2015-07-10	117.1719	41.7136	196.2659
2015-07-13	119.434	42.5832	198.4321
2015-07-14	119.3865	42.658	199.2929
2015-07-15	120.5365	42.7889	199.2267
2015-07-16	122.1428	43.6305	200.8254
2015-07-17	123.1978	43.5931	200.9956
2015-07-20	125.5264	43.8736	201.0997
2015-07-21	124.2718	44.2102	200.3051
2015-07-22	119.0158	42.5832	199.9456
2015-07-23	118.9587	43.1162	198.8199
2015-07-24	118.3314	42.9572	196.7578
2015-07-27	116.6872	42.4056	195.6132
2015-07-28	117.2669	42.3962	198.0159
2015-07-29	116.8963	43.2845	199.3781
2015-07-30	116.307	43.8362	199.4254
2015-07-31	115.29	43.6679	199.1227
2015-08-03	112.5717	43.7708	198.451
2015-08-04	108.96	44.4534	198.0632
2015-08-05	109.6823	44.4908	198.7159
2015-08-06	109.921	43.5931	197.0889
2015-08-07	110.2934	43.7053	196.7105
2015-08-10	114.3033	44.257	199.1889
2015-08-11	108.3552	43.3967	197.3916
2015-08-12	110.026	43.7053	197.6281
2015-08-13	109.9401	43.696	197.3821
2015-08-14	110.7135	43.9484	198.101
2015-08-17	111.8592	44.2476	199.2078
2015-08-18	111.229	44.4924	198.6308
2015-08-19	109.8064	43.8711	197.0605
2015-08-20	107.5532	42.977	192.9456
2015-08-21	100.9749	40.5392	186.9483
2015-08-24	98.4544	39.2308	179.305
2015-08-25	99.0463	38.0919	177.1482
2015-08-26	104.7271	40.2003	183.9496
2015-08-27	107.811	41.3204	188.4996
2015-08-28	108.1643	41.3486	188.5091
2015-08-31	107.6582	40.9627	186.9861
2015-09-01	102.8463	39.3626	181.405
2015-09-02	107.2572	40.8121	184.8483
2015-09-03	105.3764	40.9439	184.9807
2015-09-04	104.3261	40.1062	182.1807
2015-09-08	107.2286	41.311	186.7591
2015-09-09	105.1663	40.5392	184.2618
2015-09-10	107.4768	40.7462	185.2645
2015-09-11	109.0426	40.9251	186.1064
2015-09-14	110.0929	40.5109	185.4158
2015-09-15	111.019	41.3957	187.7334
2015-09-16	111.1431	41.6969	189.3604
2015-09-17	108.7658	41.6498	188.9348
2015-09-18	108.317	40.9251	185.8477
2015-09-21	109.9974	41.518	186.808
2015-09-22	108.2693	41.3204	184.3833
2015-09-23	109.1477	41.2921	184.0886
2015-09-24	109.7969	41.3298	183.4229
2015-09-25	109.52	41.358	183.3754
2015-09-28	107.3527	40.7462	178.7732
2015-09-29	104.1256	40.8874	178.8778
2015-09-30	105.3095	41.6592	182.2153
2015-10-01	104.6221	41.9887	182.6908
2015-10-02	105.3859	42.8923	185.4198
2015-10-05	105.7678	43.89	188.7193
2015-10-06	106.2738	44.0029	188.0727
2015-10-07	105.7678	44.05	189.6131
2015-10-08	104.5457	44.6618	191.3247
2015-10-09	107.0472	44.3418	191.4388
2015-10-12	106.5507	44.2382	191.6195
2015-10-13	106.7321	44.1347	190.4118
2015-10-14	105.2236	43.937	189.499
2015-10-15	106.799	44.2476	192.4087
2015-10-16	106.0161	44.7183	193.2835
2015-10-19	106.6748	44.8218	193.3786
2015-10-20	108.6225	44.963	193.1123
2015-10-21	108.613	44.4265	191.9332
2015-10-22	110.2743	45.2077	195.1757
2015-10-23	113.6923	49.7633	197.3152
2015-10-26	110.0642	51.0622	196.8302
2015-10-27	109.3672	50.5351	196.4499
2015-10-28	113.8737	50.8081	198.6844
2015-10-29	115.0767	50.2245	198.5703
2015-10-30	114.0933	49.5468	197.7145
2015-11-02	115.6973	50.1116	200.0537
2015-11-03	117.0244	50.9681	200.6337
2015-11-04	116.4802	51.2034	200.0251
2015-11-05	115.9432	51.1846	199.8255
2015-11-06	116.0774	51.6928	199.7209
2015-11-09	115.6076	50.9775	197.8572
2015-11-10	111.964	50.3657	198.3136
2015-11-11	111.3312	50.4975	197.5339
2015-11-12	110.9572	50.1869	194.7763
2015-11-13	107.7163	49.7351	192.5893
2015-11-16	109.4758	50.6057	195.518
2015-11-17	109.0108	50.1935	195.3754
2015-11-18	112.4626	51.0274	198.4752
2015-11-19	113.8913	51.1127	198.3041
2015-11-20	114.3899	51.3496	199.0275
2015-11-23	112.9037	51.3496	198.7985
2015-11-24	113.9872	51.4064	199.0648
2015-11-25	113.1721	50.8758	199.0362
2015-11-27	112.9612	51.1032	199.2645
2015-11-30	113.431	51.5012	198.4372
2015-12-01	112.5105	52.3256	200.3294
2015-12-02	111.4942	52.3161	198.2841
2015-12-03	110.4586	51.3591	195.5085
2015-12-04	114.131	52.9794	199.3215
2015-12-07	113.4118	52.8847	198.1139
2015-12-08	113.3639	52.8657	196.7817
2015-12-09	110.8613	52.0982	195.2518
2015-12-10	111.3887	52.373	195.7557
2015-12-11	108.5217	51.2264	191.9618
2015-12-14	107.8506	52.2498	192.9324
2015-12-15	105.9425	52.3066	194.9578
2015-12-16	106.7575	53.1879	197.8096
2015-12-17	104.4946	52.7804	194.7954
2015-12-18	101.666	51.2927	191.3254
2015-12-21	102.9125	51.956	192.9029
2015-12-22	102.8166	52.4488	194.6534
2015-12-23	104.1398	52.8941	197.0638
2015-12-24	103.5837	52.752	196.7386
2015-12-28	102.4235	53.0173	196.289
2015-12-29	104.2645	53.5859	198.3838
2015-12-30	102.9029	53.3585	196.9777
2015-12-31	100.9277	52.572	195.0073
2016-01-04	101.014	51.9276	192.2804
2016-01-05	98.4827	52.1645	192.6064
2016-01-06	96.5554	51.2169	190.1768
2016-01-07	92.4803	49.4355	185.6142
2016-01-08	92.9693	49.5871	183.5796
2016-01-11	94.4747	49.5586	183.7585
2016-01-12	95.8459	50.0135	185.2419
2016-01-13	93.3816	48.9332	180.6211
2016-01-14	95.424	50.3262	183.5863
2016-01-15	93.1323	48.3173	179.6454
2016-01-19	92.6817	47.9098	179.8846
2016-01-20	92.8063	48.1278	177.5793
2016-01-21	92.3365	47.834	178.5741
2016-01-22	97.2458	49.5492	182.2376
2016-01-25	95.3473	49.0754	179.4828
2016-01-26	95.8746	49.4355	181.9315
2016-01-27	89.575	48.5352	179.9515
2016-01-28	90.2175	49.3265	180.8889
2016-01-29	93.3337	52.2024	185.2993
2016-02-01	92.4611	51.8423	185.2316
2016-02-02	90.5914	50.2219	181.8933
2016-02-03	92.3844	49.426	182.9837
2016-02-04	93.1268	49.2744	183.2707
2016-02-05	90.6395	47.5308	179.7794
2016-02-08	91.5939	46.8201	177.3593
2016-02-09	91.5746	46.6969	177.3689
2016-02-10	90.8805	47.1044	177.2159
2016-02-11	90.331	47.0854	174.9106
2016-02-12	90.6106	47.853	178.5167
2016-02-16	93.1653	48.7597	181.5298
2016-02-17	94.5921	50.029	184.495
2016-02-18	92.799	49.8095	183.7394
2016-02-19	92.5869	49.4564	183.6533
2016-02-22	93.3967	50.2485	186.3124
2016-02-23	91.2854	48.8456	183.9594
2016-02-24	92.6447	49.0174	184.8011
2016-02-25	93.281	49.7236	187.0394
2016-02-26	93.4256	48.9601	186.6082
2016-02-29	93.2135	48.5592	185.1455
2016-03-01	96.9155	50.1817	189.4977
2016-03-02	97.1275	50.5348	190.349
2016-03-03	97.8506	49.9622	191.0903
2016-03-04	99.3063	49.6568	191.7168
2016-03-07	98.2073	48.7024	191.8699
2016-03-08	97.3975	49.2941	189.7751
2016-03-09	97.4842	50.4298	190.7125
2016-03-10	97.5324	49.6759	190.8655
2016-03-11	98.5832	50.6494	193.9455
2016-03-14	98.8339	50.7448	193.6968
2016-03-15	100.8198	51.1456	193.3812
2016-03-16	102.1599	51.871	194.5003
2016-03-17	101.996	52.1668	195.7338
2016-03-18	102.1117	51.0502	196.503
2016-03-21	102.102	51.4033	196.7818
2016-03-22	102.8829	51.6037	196.676
2016-03-23	102.3141	51.5083	195.3773
2016-03-24	101.8706	51.7374	195.2915
2016-03-28	101.4079	51.0979	195.4069
2016-03-29	103.8084	52.2146	197.2152
2016-03-30	105.6208	52.539	198.0798
2016-03-31	105.0713	52.7108	197.599
2016-04-01	106.0353	53.0353	198.9451
2016-04-04	107.1247	52.9017	198.3009
2016-04-05	105.8618	52.0714	196.3195
2016-04-06	106.9704	52.6059	198.4643
2016-04-07	104.6375	51.976	196.0895
2016-04-08	104.7531	51.9378	196.6176
2016-04-11	105.1002	51.8328	196.1569
2016-04-12	106.4691	52.1573	197.9836
2016-04-13	108.0116	52.8254	199.9842
2016-04-14	108.0695	52.8349	199.9931
2016-04-15	105.9004	53.1117	199.7719
2016-04-18	103.6156	53.8847	201.1749
2016-04-19	103.0661	53.8179	201.8102
2016-04-20	103.2781	53.0544	202.0025
2016-04-21	102.1599	53.2358	200.9161
2016-04-22	101.8803	49.4182	200.9161
2016-04-25	101.3019	49.7331	200.5699
2016-04-26	100.5981	49.0937	200.8672
2016-04-27	94.3029	48.6165	201.2814
2016-04-28	91.4204	47.624	199.4522
2016-04-29	90.3696	47.5953	198.3786
2016-05-02	90.2732	48.3016	199.9546
2016-05-03	91.7578	47.5094	198.2136
2016-05-04	90.8034	47.5953	197.1087
2016-05-05	90.4349	47.6621	197.0702
2016-05-06	89.9305	48.0916	197.7913
2016-05-09	89.9984	47.7862	197.954
2016-05-10	90.6095	48.6929	200.4161
2016-05-11	89.7268	48.7215	198.5413
2016-05-12	87.6221	49.1605	198.5989
2016-05-13	87.7967	48.7501	196.8683
2016-05-16	91.0556	49.4659	198.8105
2016-05-17	90.6774	48.5433	196.9556
2016-05-18	91.7152	48.8316	197.0125
2016-05-19	91.366	48.3607	196.3299
2016-05-20	92.3553	48.649	197.5702
2016-05-23	93.5289	48.082	197.301
2016-05-24	94.9547	49.5813	199.8585
2016-05-25	96.6229	50.0906	201.2141
2016-05-26	97.3892	49.8696	201.2718
2016-05-27	97.331	50.2828	202.1371
2016-05-31	96.8557	50.9364	201.7525
2016-06-01	95.4978	50.7922	202.166
2016-06-02	94.7801	50.4366	202.7813
2016-06-03	94.9741	49.7735	202.1756
2016-06-06	95.6627	50.1002	203.2043
2016-06-07	96.0507	50.0714	203.5216
2016-06-08	95.9634	50.0137	204.185
2016-06-09	96.652	49.6101	203.9062
2016-06-10	95.8567	49.4755	201.9737
2016-06-13	94.4115	48.1877	200.4153
2016-06-14	94.5279	47.8898	200.0219
2016-06-15	94.2175	47.7552	199.7431
2016-06-16	94.6152	48.428	200.3378
2016-06-17	92.462	48.1781	199.5936
2016-06-20	92.2389	48.1204	200.879
2016-06-21	93.0245	49.1968	201.4492
2016-06-22	92.6754	49.0046	201.1206
2016-06-23	93.2088	49.8888	203.7397
2016-06-24	90.5901	47.8898	196.3173
2016-06-27	89.271	46.5443	192.9057
2016-06-28	90.7743	47.515	196.3846
2016-06-29	91.56	48.5721	199.7289
2016-06-30	92.7239	49.1776	202.4495
2016-07-01	93.0051	49.168	202.8803
2016-07-05	92.1322	49.1776	201.4202
2016-07-06	92.656	49.3794	202.6283
2016-07-07	93.0536	49.3794	202.4988
2016-07-08	93.7714	50.2636	205.518
2016-07-11	94.0624	50.5423	206.2428
2016-07-12	94.4891	51.1382	207.7409
2016-07-13	93.9557	51.4265	207.7119
2016-07-14	95.8179	51.6475	208.8716
2016-07-15	95.8082	51.6091	208.5913
2016-07-18	96.8266	51.859	209.1511
2016-07-19	96.8654	51.0229	208.9393
2016-07-20	96.9527	53.733	209.8042
2016-07-21	96.4386	53.6273	209.0117
2016-07-22	95.6918	54.3674	209.954
2016-07-25	94.4115	54.5211	209.3838
2016-07-26	93.7617	54.55	209.4805
2016-07-27	99.8527	54.0021	209.2582
2016-07-28	101.2009	54.0214	209.4998
2016-07-29	101.0748	54.4731	209.8381
2016-08-01	102.8595	54.377	209.6641
2016-08-02	101.3367	54.377	208.32
2016-08-03	102.6073	54.7518	208.9296
2016-08-04	103.2412	55.1554	209.1516
2016-08-05	104.8112	55.7032	210.8625
2016-08-08	105.6791	55.7993	210.7369
2016-08-09	106.1082	55.9339	210.8625
2016-08-10	105.3183	55.7609	210.3406
2016-08-11	105.25	56.03	211.3168
2016-08-12	105.4938	55.684	211.1331
2016-08-15	106.7615	55.857	211.742
2016-08-16	106.664	55.5475	210.6499
2016-08-17	106.508	55.6636	211.0462
2016-08-18	106.3715	55.7023	211.5197
2016-08-19	106.6445	55.7216	211.2104
2016-08-22	105.8156	55.77	211.2008
2016-08-23	106.1472	55.9827	211.626
2016-08-24	105.3475	56.0407	210.5436
2016-08-25	104.899	56.2535	210.3986
2016-08-26	104.2846	56.1181	210.0024
2016-08-29	104.1676	56.1858	211.0373
2016-08-30	103.3679	55.9827	210.6886
2016-08-31	103.4655	55.5669	210.0894
2016-09-01	104.0798	55.6926	210.099
2016-09-02	105.055	55.77	211.0462
2016-09-06	105.0257	55.7119	211.6848
2016-09-07	105.6693	55.7603	211.6647
2016-09-08	102.8999	55.5379	211.1815
2016-09-09	100.5692	54.3581	206.1269
2016-09-12	102.8218	55.1704	209.0842
2016-09-13	105.2695	54.6675	206.0785
2016-09-14	108.9947	54.4064	206.0012
2016-09-15	112.7003	55.3058	208.0598
2016-09-16	112.0664	55.3638	207.2555
2016-09-19	110.7597	55.0543	207.2944
2016-09-20	110.75	54.9383	207.3041
2016-09-21	110.7305	55.857	209.6353
2016-09-22	111.7739	55.915	210.9563
2016-09-23	109.9113	55.5379	209.8004
2016-09-26	110.0771	55.0253	208.1006
2016-09-27	110.2819	56.0407	209.3925
2016-09-28	111.1205	56.1181	210.4318
2016-09-29	109.3945	55.5089	208.528
2016-09-30	110.2429	55.7023	210.1015
2016-10-03	109.726	55.5282	209.5964
2016-10-04	110.1941	55.3541	208.528
2016-10-05	110.2429	55.7409	209.4507
2016-10-06	111.062	55.8377	209.5964
2016-10-07	111.2278	55.8957	208.8777
2016-10-10	113.1684	56.1278	209.9656
2016-10-11	113.4122	55.3058	207.3138
2016-10-12	114.4264	55.2284	207.5858
2016-10-13	114.0753	55.0447	206.9058
2016-10-14	114.7092	55.5282	207.0127
2016-10-17	114.6311	55.3348	206.2939
2016-10-18	114.5531	55.7603	207.5858
2016-10-19	114.2118	55.6346	208.1394
2016-10-20	114.1533	55.3638	207.7509
2016-10-21	113.7047	57.6944	207.848
2016-10-24	114.7287	58.9902	208.732
2016-10-25	115.3138	58.9806	208.0326
2016-10-26	112.7198	58.6324	207.6149
2016-10-27	111.6374	58.1199	207.0612
2016-10-28	110.8962	57.8975	206.4493
2016-10-31	110.7207	57.9458	206.459
2016-11-01	108.7216	57.8298	204.9631
2016-11-02	108.8191	57.472	203.7295
2016-11-03	107.6527	57.2592	202.797
2016-11-04	106.6823	56.7757	202.5736
2016-11-07	108.2212	58.4294	207.0418
2016-11-08	108.8583	58.4777	207.9743
2016-11-09	108.6819	58.1876	210.1785
2016-11-10	105.6532	56.766	210.7038
2016-11-11	106.2805	57.0755	210.2181
2016-11-14	103.6144	56.2051	210.3832
2016-11-15	104.9866	57.315	212.0248
2016-11-16	107.8096	58.0744	211.6266
2016-11-17	107.7703	59.0383	212.7145
2016-11-18	107.8782	58.7559	212.2385
2016-11-21	109.5151	59.2524	213.8412
2016-11-22	109.5837	59.5056	214.2589
2016-11-23	109.025	58.8046	214.3755
2016-11-25	109.5739	58.9312	215.172
2016-11-28	109.3582	59.009	214.1618
2016-11-29	109.2504	59.4764	214.5794
2016-11-30	108.329	58.6683	214.0646
2016-12-01	107.3195	57.6363	213.2778
2016-12-02	107.7213	57.685	213.3847
2016-12-05	106.947	58.6293	214.6669
2016-12-06	107.7703	58.3665	215.3468
2016-12-07	108.8289	59.749	218.1637
2016-12-08	109.8973	59.3985	218.6979
2016-12-09	111.691	60.3331	220.019
2016-12-12	111.0539	60.5278	219.7664
2016-12-13	112.9065	61.3164	221.2331
2016-12-14	112.9065	61.0244	219.407
2016-12-15	113.524	60.927	220.3104
2016-12-16	113.671	60.6544	219.8794
2016-12-19	114.3277	61.9395	220.3581
2016-12-20	114.6316	61.8617	221.2082
2016-12-21	114.7394	61.8617	220.5926
2016-12-22	113.9847	61.8714	220.2116
2016-12-23	114.2101	61.5696	220.534
2016-12-27	114.9354	61.6085	221.0812
2016-12-28	114.4453	61.3262	219.254
2016-12-29	114.4159	61.2386	219.2052
2016-12-30	113.524	60.4986	218.404
2017-01-03	113.8474	60.927	220.0748
2017-01-04	113.72	60.6544	221.384
2017-01-05	114.2983	60.6544	221.2082
2017-01-06	115.5725	61.1801	221.9996
2017-01-09	116.6311	60.9854	221.2668
2017-01-10	116.7488	60.966	221.2668
2017-01-11	117.3761	61.5209	221.8921
2017-01-12	116.886	60.9562	221.3352
2017-01-13	116.6801	61.0438	221.8433
2017-01-17	117.6211	60.8783	221.0616
2017-01-18	117.6113	60.8491	221.5501
2017-01-19	117.4055	60.6544	220.7294
2017-01-20	117.6211	61.0828	221.5404
2017-01-23	117.6995	61.297	220.9639
2017-01-24	117.5917	61.8422	222.3807
2017-01-25	119.4638	61.998	224.3055
2017-01-26	119.5227	62.5724	224.071
2017-01-27	119.5325	64.0425	223.7192
2017-01-30	119.2188	63.4097	222.3318
2017-01-31	118.9444	62.9423	222.3123
2017-02-01	126.1977	61.9006	222.4002
2017-02-02	125.982	61.5014	222.5468
2017-02-03	126.5211	61.998	224.0807
2017-02-06	127.7071	61.959	223.6802
2017-02-07	128.9225	61.7546	223.6899
2017-02-08	129.4224	61.6669	223.983
2017-02-09	130.3577	62.3679	225.3119
2017-02-10	130.0623	62.3095	226.201
2017-02-13	131.2141	63.0105	227.4321
2017-02-14	132.9172	63.2456	228.3408
2017-02-15	133.3995	63.2064	229.5328
2017-02-16	133.2371	63.1966	229.3374
2017-02-17	133.6063	63.2945	229.6989
2017-02-21	134.571	63.1672	231.0668
2017-02-22	134.9746	63.0399	230.8616
2017-02-23	134.4036	63.2945	231.0179
2017-02-24	134.5316	63.2945	231.3111
2017-02-27	134.7974	62.9125	231.6726
2017-02-28	134.8565	62.6677	231.0472
2017-03-01	137.6129	63.608	234.2813
2017-03-02	136.7958	62.6971	232.806
2017-03-03	137.603	62.9321	232.9525
2017-03-06	137.1699	62.9517	232.2588
2017-03-07	137.3471	63.0791	231.5651
2017-03-08	136.8352	63.657	231.1352
2017-03-09	136.5202	63.4023	231.4283
2017-03-10	136.973	63.5982	232.2393
2017-03-13	137.0321	63.3827	232.3565
2017-03-14	136.8253	63.0888	231.4674
2017-03-15	138.2724	63.4219	233.4704
2017-03-16	138.4989	63.3141	233.0112
2017-03-17	137.8098	63.5394	232.602
2017-03-20	139.2569	63.5982	232.3469
2017-03-21	137.6621	62.8929	229.3637
2017-03-22	139.2175	63.6961	229.9034
2017-03-23	138.7253	63.5394	229.6581
2017-03-24	138.4496	63.6472	229.4913
2017-03-27	138.6859	63.7647	229.2557
2017-03-28	141.5604	63.9508	230.924
2017-03-29	141.8754	64.1271	231.1399
2017-03-30	141.6884	64.3622	231.8759
2017-03-31	141.4226	64.5091	231.3361
2017-04-03	141.462	64.2055	230.9338
2017-04-04	142.5153	64.3818	231.081
2017-04-05	141.777	64.2153	230.3941
2017-04-06	141.4226	64.3818	231.0417
2017-04-07	141.1076	64.3328	230.8062
2017-04-10	140.9402	64.1859	230.9436
2017-04-11	139.4242	64.1369	230.6688
2017-04-12	139.5916	63.892	229.6581
2017-04-13	138.8532	63.6178	228.1665
2017-04-17	139.6211	64.1369	230.188
2017-04-18	139.0009	64.0487	229.5011
2017-04-19	138.489	63.7059	229.0791
2017-04-20	140.2216	64.1565	230.9436
2017-04-21	140.0542	65.038	230.2076
2017-04-24	141.4029	66.1449	232.7394
2017-04-25	142.279	66.5269	234.0936
2017-04-26	141.4423	66.4387	233.9464
2017-04-27	141.5506	66.8697	234.1427
2017-04-28	141.4128	67.0558	233.6324
2017-05-01	144.2971	67.9863	234.2212
2017-05-02	145.2126	67.8785	234.3095
2017-05-03	144.7696	67.6631	234.0249
2017-05-04	144.2479	67.3986	234.2997
2017-05-05	146.6401	67.5847	235.2222
2017-05-08	150.627	67.5259	235.1829
2017-05-09	151.5917	67.6239	234.967
2017-05-10	150.8731	67.8883	235.389
2017-05-11	152.1779	67.0558	234.9081
2017-05-12	154.3032	66.9774	234.5156
2017-05-15	153.9078	67.0264	235.8109
2017-05-16	153.6804	68.376	235.5951
2017-05-17	148.5205	66.4747	231.4146
2017-05-18	150.7842	66.7013	232.3469
2017-05-19	151.2982	66.6816	233.8581
2017-05-22	152.2175	67.4303	235.0455
2017-05-23	152.0297	67.6568	235.5656
2017-05-24	151.575	67.7455	236.1152
2017-05-25	152.0989	68.5828	237.2437
2017-05-26	151.8419	68.9178	237.1946
2017-05-30	151.9012	69.3611	236.9885
2017-05-31	151.0016	68.7996	236.9297
2017-06-01	151.4168	69.0557	238.8138
2017-06-02	153.6607	70.691	239.6087
2017-06-05	152.1582	71.2032	239.432
2017-06-06	152.6722	71.4396	238.6666
2017-06-07	153.5816	71.3116	239.1082
2017-06-08	153.206	70.8781	239.2259
2017-06-09	147.2651	69.2724	238.8628
2017-06-12	143.7461	68.7405	238.8138
2017-06-13	144.9027	69.5975	239.9816
2017-06-14	143.4891	69.2232	239.6773
2017-06-15	142.6291	68.8587	239.2161
2017-06-16	140.6324	68.9572	239.2684
2017-06-19	144.6555	69.8142	241.2603
2017-06-20	143.3408	68.8685	239.6333
2017-06-21	144.1909	69.2232	239.5741
2017-06-22	143.9537	69.2133	239.4656
2017-06-23	144.5962	70.1491	239.7516
2017-06-26	144.1415	69.4793	239.9094
2017-06-27	142.0756	68.1789	237.9766
2017-06-28	144.1514	68.7602	240.1066
2017-06-29	142.0262	67.4697	237.9963
2017-06-30	142.3622	67.9031	238.4401
2017-07-03	141.8482	67.1544	238.8444
2017-07-05	142.4314	68.0509	239.3966
2017-07-06	141.0871	67.5485	237.2074
2017-07-07	142.5204	68.4252	238.7458
2017-07-10	143.3903	68.9375	239.0022
2017-07-11	143.8549	68.9473	238.8247
2017-07-12	144.0624	70.09	240.6194
2017-07-13	146.0691	70.7008	241.0237
2017-07-14	147.3245	71.6958	242.1478
2017-07-17	147.8385	72.2573	242.1182
2017-07-18	148.3525	72.208	242.2464
2017-07-19	149.2817	72.7597	243.558
2017-07-20	148.6095	73.1143	243.6664
2017-07-21	148.5403	72.6907	243.4495
2017-07-24	150.3394	72.5035	243.3903
2017-07-25	150.9819	73.0848	243.982
2017-07-26	151.6936	72.9468	243.9918
2017-07-27	148.827	72.0701	243.765
2017-07-28	147.7792	71.9519	243.4791
2017-07-31	147.018	71.617	243.341
2017-08-01	156.7645	71.4987	243.8834
2017-08-02	155.3312	71.1835	244.0017
2017-08-03	153.7793	71.0751	243.5284
2017-08-04	154.5899	71.5973	243.9721
2017-08-07	156.982	71.3214	244.4257
2017-08-08	158.2374	71.7056	243.8242
2017-08-09	159.2061	71.3904	243.8143
2017-08-10	154.1351	70.3462	240.3728
2017-08-11	156.2787	71.4199	240.7278
2017-08-14	158.6306	72.4937	243.1142
2017-08-15	160.3672	72.5135	243.0846
2017-08-16	159.7222	72.9394	243.5087
2017-08-17	156.6558	71.7014	239.7122
2017-08-18	156.2985	71.7906	239.3374
2017-08-21	156.0107	71.4539	239.5248
2017-08-22	158.5611	72.4541	242.0295
2017-08-23	158.7596	72.0184	241.1617
2017-08-24	158.055	71.9886	240.5996
2017-08-25	158.6405	72.1174	241.1617
2017-08-28	160.2382	72.1273	241.1716
2017-08-29	161.6672	72.3452	241.4477
2017-08-30	162.1039	73.2959	242.5916
2017-08-31	162.7489	74.0486	244.051
2017-09-01	162.7986	73.2266	244.3961
2017-09-05	160.8436	72.8998	242.6409
2017-09-06	160.6749	72.6918	243.4692
2017-09-07	160.0298	73.6227	243.4396
2017-09-08	157.4199	73.2662	243.1537
2017-09-11	160.268	74.0387	245.7471
2017-09-12	159.6329	73.9594	246.5754
2017-09-13	158.4321	74.4843	246.6938
2017-09-14	157.0726	74.0486	246.6149
2017-09-15	158.6604	74.5834	246.9466
2017-09-18	157.4596	74.4348	247.4718
2017-09-19	157.5191	74.7121	247.7195
2017-09-20	154.8794	74.2169	247.8087
2017-09-21	152.2199	73.494	247.1448
2017-09-22	150.7313	73.692	247.1943
2017-09-25	149.4015	72.5531	246.6889
2017-09-26	151.9718	72.5531	246.8376
2017-09-27	153.0535	73.1374	247.7988
2017-09-28	152.1107	73.1573	248.0961
2017-09-29	152.9443	73.7713	248.9682
2017-10-02	152.6367	73.8901	250.0484
2017-10-03	153.3016	73.5435	250.5835
2017-10-04	152.3092	73.9693	250.8808
2017-10-05	154.2046	75.237	252.3673
2017-10-06	154.1153	75.2667	252.0799
2017-10-09	154.6512	75.5539	251.6637
2017-10-10	154.7107	75.5539	252.3277
2017-10-11	155.3558	75.6827	252.7241
2017-10-12	154.81	76.3759	252.3475
2017-10-13	155.7924	76.7423	252.6547
2017-10-16	158.6604	76.9008	252.9916
2017-10-17	159.2459	76.8414	253.17
2017-10-18	158.5413	76.8612	253.4178
2017-10-19	154.7901	77.1583	253.4871
2017-10-20	155.0581	78.0496	254.7953
2017-10-23	154.9787	78.0694	253.8043
2017-10-24	155.9016	78.0991	254.2502
2017-10-25	155.2168	77.8713	252.9916
2017-10-26	156.2092	78.0001	253.3187
2017-10-27	161.8062	83.0013	255.3899
2017-10-30	165.4482	83.0806	254.4385
2017-10-31	167.7505	82.3774	254.8349
2017-11-01	165.6169	82.3774	255.1718
2017-11-02	166.8276	83.239	255.2709
2017-11-03	171.1841	83.3282	256.1232
2017-11-06	172.9207	83.655	256.5196
2017-11-07	173.4765	83.4569	256.3412
2017-11-08	174.8956	83.7441	256.7773
2017-11-09	174.5383	83.2786	255.8457
2017-11-10	173.9607	83.0608	255.7664
2017-11-13	173.2635	83.1202	256.0043
2017-11-14	170.6442	83.239	255.4097
2017-11-15	168.3934	82.5921	254.1313
2017-11-16	170.4052	82.811	256.2917
2017-11-17	169.459	82.0148	255.5385
2017-11-20	169.2897	82.1442	255.9745
2017-11-21	172.4369	83.3286	257.6493
2017-11-22	174.2495	82.7215	257.4214
2017-11-24	174.2594	82.8708	258.016
2017-11-27	173.383	83.4779	257.8872
2017-11-28	172.3672	84.4832	260.5034
2017-11-29	168.7917	82.9504	260.3448
2017-11-30	171.1521	83.7765	262.6241
2017-12-01	170.3554	83.8661	262.0791
2017-12-04	169.1104	80.701	261.762
2017-12-05	168.9511	81.2086	260.8205
2017-12-06	168.3236	82.393	260.8701
2017-12-07	168.6324	82.1044	261.6926
2017-12-08	168.6822	83.7666	263.1196
2017-12-11	171.9688	84.8315	263.9124
2017-12-12	171.0027	85.1799	264.3782
2017-12-13	171.5704	84.951	264.3485
2017-12-14	171.5206	84.2941	263.2683
2017-12-15	173.2635	86.444	265.4472
2017-12-18	175.7036	85.9762	267.1304
2017-12-19	173.8312	85.4287	266.1045
2017-12-20	173.642	85.1202	265.9651
2017-12-21	174.2993	85.1003	266.5129
2017-12-22	174.2993	85.1102	266.4432
2017-12-26	169.8773	85.0008	266.1244
2017-12-27	169.9072	85.3093	266.2539
2017-12-28	170.3852	85.3193	266.8017
2017-12-29	168.5428	85.1401	265.7958
2018-01-02	171.5605	85.5482	267.6981
2018-01-03	171.5306	85.9463	269.3914
2018-01-04	172.3273	86.7028	270.5268
2018-01-05	174.2893	87.7777	272.3296
2018-01-08	173.642	87.8673	272.8276
2018-01-09	173.622	87.8076	273.4451
2018-01-10	173.5822	87.4094	273.0268
2018-01-11	174.5682	87.6682	275.0188
2018-01-12	176.3708	89.1811	276.8117
2018-01-16	175.4745	87.937	275.8654
2018-01-17	178.3727	89.7186	278.4949
2018-01-18	178.532	89.6788	278.0268
2018-01-19	177.7353	89.5793	279.2917
2018-01-22	176.2812	91.1817	281.5626
2018-01-23	176.321	91.4704	282.1602
2018-01-24	173.5125	91.3907	282.0507
2018-01-25	170.4151	91.8984	282.1702
2018-01-26	170.8135	93.6203	285.4371
2018-01-29	167.2779	93.4809	283.5447
2018-01-30	166.2919	92.3064	280.6363
2018-01-31	166.7501	94.5658	280.7758
2018-02-01	167.0986	93.8193	280.4571
2018-02-02	159.8482	91.3509	274.3515
2018-02-05	155.8545	87.5886	262.8774
2018-02-06	162.3679	90.903	268.0567
2018-02-07	158.8921	89.1911	266.6025
2018-02-08	154.5199	84.6126	256.6026
2018-02-09	156.41	87.7678	260.4571
2018-02-12	162.71	88.7133	264.2818
2018-02-13	164.34	89.41	264.9392
2018-02-14	167.37	90.81	268.5149
2018-02-15	172.99	92.66	271.9412
2018-02-16	172.43	92.0	272.0208
2018-02-20	171.85	92.72	270.3177
2018-02-21	171.07	91.49	268.973
2018-02-22	172.5	91.73	269.3216
2018-02-23	175.5	94.06	273.6145
2018-02-26	178.97	95.42	276.7917
2018-02-27	178.39	94.2	273.3356
2018-02-28	178.12	93.77	270.5667
2018-03-01	175.0	92.85	266.6324
2018-03-02	176.21	93.05	268.0069
2018-03-05	176.82	93.64	271.1045
2018-03-06	176.67	93.32	271.7918
2018-03-07	175.03	93.86	271.6922
2018-03-08	176.94	94.43	273.0069
2018-03-09	179.98	96.54	277.7579
2018-03-12	181.72	96.77	277.4093
2018-03-13	179.97	94.41	275.6164
2018-03-14	178.44	93.85	274.2021
2018-03-15	178.65	94.18	273.9033
2018-03-16	178.02	94.6	274.2
2018-03-19	175.3	92.89	270.49
2018-03-20	175.24	93.13	270.95
2018-03-21	171.27	92.48	270.43
2018-03-22	168.85	89.79	263.67
2018-03-23	164.94	87.18	258.05
2018-03-26	172.77	93.78	265.11
2018-03-27	168.34	89.47	260.6
2018-03-28	166.48	89.39	259.83
2018-03-29	167.78	91.27	263.15
2018-04-02	166.68	88.52	257.47
2018-04-03	168.39	89.71	260.77
2018-04-04	171.61	92.33	263.56
2018-04-05	172.8	92.38	265.64
2018-04-06	168.38	90.23	259.72
2018-04-09	170.05	90.77	261.0
2018-04-10	173.25	92.88	265.15
2018-04-11	172.44	91.86	263.76
