date	open	high	low	close	volume
2013-04-08	55.2492	55.5938	54.9423	55.426	75169647
2013-04-09	55.4455	55.7238	54.9761	55.5262	76615504
2013-04-10	55.6718	56.837	55.4	56.6588	93895844
2013-04-11	56.4027	56.9579	56.0749	56.482	82073628
2013-04-12	56.4586	56.4586	55.8006	55.8929	59651011
2013-04-15	55.5288	55.6445	54.5599	54.5989	79157071
2013-04-16	54.8226	55.478	54.6926	55.4299	76222076
2013-04-17	54.6536	54.6965	51.7718	52.3817	236138966
2013-04-18	52.6665	52.7705	50.6836	50.9837	166438048
2013-04-19	50.4531	51.9656	50.0799	50.7861	152194413
2013-04-22	51.0605	52.3037	50.8829	51.8446	107338322
2013-04-23	52.5364	53.1075	51.8628	52.8147	160760747
2013-04-24	51.1775	54.0007	51.0422	52.7279	242387530
2013-04-25	53.4773	53.8304	52.9279	53.1073	95984896
2013-04-26	53.2933	54.4584	53.0904	54.255	191006032
2013-04-29	54.677	56.3893	54.6185	55.9345	159958876
2013-04-30	56.5821	57.9021	56.1881	57.5809	172737600
2013-05-01	57.7993	57.8604	56.4898	57.127	126720237
2013-05-02	57.4508	58.3364	57.3013	57.9372	105449078
2013-05-03	58.6901	58.9398	58.4092	58.5172	90319201
2013-05-06	59.2623	60.1063	59.0803	59.9125	124017747
2013-05-07	60.4665	60.568	59.0009	59.6457	120499960
2013-05-08	59.6954	60.5185	59.2753	60.3196	118010781
2013-05-09	60.1913	60.6089	59.6376	59.7934	99555337
2013-05-10	59.9505	60.1782	58.97	59.2959	83631828
2013-05-13	59.1048	59.9413	59.1035	59.5276	79220953
2013-05-14	59.4111	59.5878	57.8795	58.1034	111647130
2013-05-15	57.4881	57.729	55.2889	56.1385	185278968
2013-05-16	55.4041	57.3166	54.836	56.8883	150794546
2013-05-17	57.4737	57.6099	56.4213	56.7158	106973181
2013-05-20	56.5391	58.3573	56.3021	57.9816	112681030
2013-05-21	57.3559	58.3155	56.8388	57.5536	113921367
2013-05-22	58.1283	58.6911	57.3651	57.7753	110727309
2013-05-23	57.0679	58.4045	57.047	57.8782	88244695
2013-05-24	57.7094	58.339	57.6452	58.2723	69036716
2013-05-28	58.8941	59.0524	57.7094	57.7865	96404189
2013-05-29	57.5981	58.5799	57.5196	58.2461	82641944
2013-05-30	58.3377	59.4962	58.1885	59.114	88379522
2013-05-31	59.2344	59.8366	58.8417	58.8725	95832240
2013-06-03	59.0027	59.2161	57.9227	59.0014	92926932
2013-06-04	59.3287	59.487	58.5655	58.8168	72860221
2013-06-05	58.3377	59.0014	58.0838	58.267	72545760
2013-06-06	58.3141	58.5144	56.8192	57.3965	104230322
2013-06-07	57.1399	58.0222	56.6517	57.8352	101120551
2013-06-10	58.2173	58.7866	57.1792	57.4528	112522179
2013-06-11	57.0404	57.9594	56.7236	57.2839	71526560
2013-06-12	57.5326	57.7617	56.4854	56.5757	66295887
2013-06-13	56.6163	57.2237	56.1254	57.0699	71456693
2013-06-14	56.9959	57.1124	56.0927	56.2956	67962419
2013-06-17	56.4775	57.0352	56.3364	56.5509	64818670
2013-06-18	56.4933	56.9305	56.3165	56.5207	48753768
2013-06-19	56.4723	56.5063	55.3727	55.3727	77715057
2013-06-20	54.8884	55.7628	54.3477	54.5661	89327210
2013-06-21	54.7823	54.98	53.4222	54.1291	120286768
2013-06-24	53.3306	53.4955	52.1066	52.6944	120104964
2013-06-25	53.1081	53.3817	52.2087	52.7062	78534687
2013-06-26	52.8724	52.9889	51.7938	52.1093	91924994
2013-06-27	52.2637	52.5439	51.5163	51.5477	84297955
2013-06-28	51.2309	52.3972	50.9049	51.9077	144619734
2013-07-01	52.714	53.9681	52.5216	53.5688	97743408
2013-07-02	53.6657	55.1934	53.6016	54.7823	117442150
2013-07-03	55.0926	55.3701	54.6462	55.0847	60232158
2013-07-05	55.0311	55.4107	54.3713	54.6423	68505794
2013-07-08	54.9944	55.1109	53.756	54.332	74521398
2013-07-09	54.1422	55.4382	53.7207	55.2876	88142026
2013-07-10	54.9276	55.6083	54.7509	55.0756	70107226
2013-07-11	55.3662	56.06	55.1332	55.934	81571665
2013-07-12	55.9814	56.2616	55.4264	55.8322	69882694
2013-07-15	55.6358	56.4802	55.6083	55.9539	60478033
2013-07-16	55.8335	56.382	55.5259	56.3146	54033805
2013-07-17	56.2498	56.5797	56.056	56.3296	49743169
2013-07-18	56.7315	56.9266	56.3689	56.5192	54696012
2013-07-19	56.6949	56.81	55.5494	55.628	67174828
2013-07-22	56.2184	56.2563	55.6958	55.806	51946202
2013-07-23	55.7654	55.8911	54.8111	54.8478	91062300
2013-07-24	57.458	58.1989	56.9776	57.6649	147978789
2013-07-25	57.6897	57.7814	57.0496	57.4017	57371671
2013-07-26	56.9828	57.7342	56.8572	57.7277	50031170
2013-07-29	57.7028	58.9058	57.6243	58.6178	62021344
2013-07-30	58.9019	59.8431	58.8063	59.3417	77257432
2013-07-31	59.5604	59.8683	58.8325	59.2383	80637830
2013-08-01	59.6602	59.7973	59.3339	59.7811	51461179
2013-08-02	59.9557	60.5893	59.779	60.5487	68467077
2013-08-05	60.8301	61.6129	60.4976	61.4532	79589930
2013-08-06	61.6705	62.1805	60.8997	61.3055	83715443
2013-08-07	61.1145	61.5361	60.847	61.27	74663176
2013-08-08	61.1217	61.154	60.3436	60.7468	63946841
2013-08-09	60.4345	60.6744	59.777	59.8824	66772986
2013-08-12	60.2	61.7536	60.1697	61.5836	91008477
2013-08-13	62.0553	65.1809	61.6745	64.5102	219634975
2013-08-14	65.6052	66.4445	65.0148	65.6869	188602792
2013-08-15	65.4128	66.2006	64.446	65.6091	122441893
2013-08-16	65.9043	66.2719	65.7343	66.1915	90461889
2013-08-19	66.4564	67.695	66.4116	66.9044	127478547
2013-08-20	67.164	67.2773	65.9926	66.0255	89531771
2013-08-21	66.3576	66.8267	66.0426	66.1955	83809726
2013-08-22	66.5407	66.6211	65.6473	66.2746	60877852
2013-08-23	66.3154	66.3259	65.7989	66.0189	55587686
2013-08-26	65.9833	67.2286	65.9504	66.2759	82398085
2013-08-27	65.621	66.2153	64.0793	64.381	105930335
2013-08-28	64.0397	65.3311	64.0397	64.6849	76793066
2013-08-29	64.7842	65.4233	64.7157	64.7908	59807748
2013-08-30	64.8304	64.9555	64.1056	64.2	68078395
2013-09-03	64.9753	65.9636	64.2176	64.3797	83000148
2013-09-04	65.8265	66.1797	65.3943	65.712	86049453
2013-09-05	65.9175	65.9741	65.0465	65.2612	58913211
2013-09-06	65.679	65.8028	64.5602	65.65	89551595
2013-09-09	66.5434	66.9281	66.3431	66.6975	84887432
2013-09-10	66.7015	66.8662	64.5009	65.1782	185494435
2013-09-11	61.5375	62.4177	61.2476	61.6297	224250866
2013-09-12	61.7338	62.643	61.4057	62.2859	100874816
2013-09-13	61.8445	62.1725	61.2331	61.2594	74578903
2013-09-16	60.7455	60.8259	58.9297	59.3119	136823442
2013-09-17	59.0273	60.5755	58.9666	59.9971	99756489
2013-09-18	61.0328	61.4505	60.7007	61.2304	113743049
2013-09-19	62.0237	62.6997	61.8326	62.2345	100918377
2013-09-20	62.9856	63.0581	61.4044	61.5902	174570949
2013-09-23	65.3706	65.4773	63.5917	64.6512	190021706
2013-09-24	65.2099	65.2876	64.2796	64.4482	90602953
2013-09-25	64.4614	64.5194	63.4376	63.4507	79110192
2013-09-26	64.0397	64.3771	63.763	64.0687	59086559
2013-09-27	63.7472	63.8645	63.344	63.6115	56816676
2013-09-30	62.8868	63.4679	62.5127	62.8209	64852879
2013-10-01	63.0449	64.4535	63.0358	64.298	88255013
2013-10-02	63.991	64.804	63.7433	64.5088	71849680
2013-10-03	64.634	64.8765	63.3465	63.6985	80629248
2013-10-04	63.7578	63.8553	63.0647	63.6484	64673329
2013-10-07	64.1135	64.916	63.9541	64.2703	77919884
2013-10-08	64.5589	64.6512	63.3203	63.373	72418815
2013-10-09	63.8605	64.2756	63.0225	64.1172	75311488
2013-10-10	64.7408	64.8804	64.1768	64.5191	69650490
2013-10-11	64.1702	65.0728	63.9291	64.9374	66934938
2013-10-14	64.5444	65.5656	64.4812	65.3627	65474542
2013-10-15	65.5558	66.1481	65.2942	65.7106	80018603
2013-10-16	65.9886	66.2179	65.7831	66.0313	62775013
2013-10-17	65.8819	66.5144	65.8423	66.4775	63398335
2013-10-18	66.6738	67.1047	66.6369	67.0559	72635570
2013-10-21	67.4354	69.0865	67.4025	68.6994	99526945
2013-10-22	69.3639	69.6333	66.9426	68.5024	133515753
2013-10-23	68.3881	69.267	68.3881	69.1735	78431122
2013-10-24	69.1787	70.1631	68.8427	70.0893	96191095
2013-10-25	70.0109	70.2632	69.1932	69.305	84448133
2013-10-28	69.7111	69.9694	68.9429	69.8212	137610123
2013-10-29	70.6638	71.0564	67.8004	68.0822	158952115
2013-10-30	68.4685	69.5108	68.1272	69.165	88540697
2013-10-31	69.1787	69.5068	68.6872	68.8759	68923785
2013-11-01	69.0496	69.1524	67.9717	68.5239	68722304
2013-11-04	68.6648	69.4186	68.3631	69.4093	61157033
2013-11-05	69.1234	69.6907	68.9152	69.2379	66368071
2013-11-06	69.47	69.5641	68.6814	69.0419	55844152
2013-11-07	68.8643	69.3428	67.91	67.9249	65655100
2013-11-08	68.2016	69.0697	67.9379	68.9942	69829543
2013-11-11	68.9187	69.1413	68.1791	68.7938	56863303
2013-11-12	68.6112	69.4395	68.5224	68.9213	51114651
2013-11-13	68.6549	69.2182	68.5171	69.004	49304927
2013-11-14	69.2924	70.1499	69.1678	70.0015	70605087
2013-11-15	69.7921	70.1248	69.5151	69.5815	79479764
2013-11-18	69.5813	69.8729	68.6814	68.7383	61236224
2013-11-19	68.7914	69.368	68.6509	68.8603	52234707
2013-11-20	68.8179	68.9756	68.1685	68.2573	48545798
2013-11-21	68.6019	69.0803	68.081	69.0705	65506861
2013-11-22	68.8564	69.2063	68.7251	68.8935	55931232
2013-11-25	69.0552	69.698	69.0525	69.4157	57348403
2013-11-26	69.466	71.0591	69.4501	70.696	100345728
2013-11-27	71.0817	72.366	70.696	72.3607	90861841
2013-11-29	72.8272	74.0002	72.6059	73.7006	79532215
2013-12-02	73.9564	74.7954	73.0048	73.0592	118135885
2013-12-03	73.9962	75.0671	73.914	75.0594	112741734
2013-12-04	74.9505	75.4395	74.3302	74.8842	94452666
2013-12-05	75.8981	76.2276	75.0711	75.2687	111895315
2013-12-06	74.9889	75.1161	74.1645	74.2242	86088352
2013-12-09	74.3408	75.4912	74.3408	75.0737	80123533
2013-12-10	74.696	75.2659	74.3806	74.9571	69567610
2013-12-11	75.1493	75.6755	74.1804	74.4018	89929693
2013-12-12	74.5053	74.9293	74.2255	74.2931	65572318
2013-12-13	74.5992	74.6032	73.3825	73.4833	83205283
2013-12-16	73.5615	74.5713	73.5601	73.8902	70648452
2013-12-17	73.6662	74.1473	73.3434	73.5575	57475649
2013-12-18	72.8564	73.0883	71.4117	72.9982	141465807
2013-12-19	72.8299	72.8961	72.0651	72.1619	80239369
2013-12-20	72.2904	73.1095	72.2092	72.7662	109103435
2013-12-23	75.2818	75.6423	74.5873	75.5588	125326831
2013-12-24	75.5323	75.7961	75.0207	75.2381	41888735
2013-12-26	75.2951	75.4806	74.669	74.7384	51002035
2013-12-27	74.7278	74.806	74.1552	74.2334	56471317
2013-12-30	73.8849	74.2334	73.2037	73.4952	63407722
2013-12-31	73.4488	74.3912	73.4263	74.3567	55819372
2014-01-02	73.6489	73.8279	73.164	73.311	58791957
2014-01-03	73.2752	73.3865	71.6277	71.7006	98303870
2014-01-06	71.2328	72.472	70.7225	72.0916	103359151
2014-01-07	72.1433	72.3607	71.2957	71.5757	79432766
2014-01-08	71.413	72.3077	71.3971	72.0293	64686685
2014-01-09	72.472	72.48	70.9545	71.1094	69905199
2014-01-10	71.5482	71.6768	70.3925	70.635	76320664
2014-01-13	70.2334	71.9021	70.2295	71.0048	94860843
2014-01-14	71.3348	72.4627	71.2606	72.4177	83734371
2014-01-15	73.3627	74.248	73.1161	73.8716	98472619
2014-01-16	73.5456	73.804	73.1188	73.4594	57471330
2014-01-17	73.0923	73.1705	71.5575	71.6595	108426689
2014-01-21	71.702	72.9054	71.6264	72.7729	82255544
2014-01-22	73.0174	73.8623	72.6059	73.0963	95219334
2014-01-23	72.8882	73.7576	72.2078	73.7152	100978346
2014-01-24	73.4263	73.641	72.2003	72.3753	108384437
2014-01-27	72.9054	73.5323	72.3328	72.9624	144219152
2014-01-28	67.4302	68.2573	66.5436	67.1307	266833581
2014-01-29	66.7927	67.246	66.0863	66.3686	125942796
2014-01-30	66.6059	67.1307	65.8318	66.2403	169762789
2014-01-31	65.6304	66.472	65.4143	66.3487	116336444
2014-02-03	66.6151	67.2937	66.1764	66.472	100620772
2014-02-04	67.0446	67.523	66.635	67.4342	94273543
2014-02-05	67.1387	68.2944	67.0978	67.9379	82322156
2014-02-06	68.0072	68.4659	67.7072	68.3339	64497223
2014-02-07	69.5165	69.7232	68.9832	69.2898	93638601
2014-02-10	69.1538	70.9312	69.0658	70.5312	86451022
2014-02-11	70.7472	71.6991	70.5992	71.4605	70672252
2014-02-12	71.5925	71.9405	71.0978	71.4551	77127064
2014-02-13	71.2871	72.6458	71.2258	72.5898	76960156
2014-02-14	72.3285	72.7965	72.1605	72.5311	68468036
2014-02-18	72.7991	73.4911	72.7471	72.7978	65306248
2014-02-19	72.6325	72.9178	71.2458	71.6485	78554420
2014-02-20	71.0645	71.5991	70.5325	70.8192	76529103
2014-02-21	71.0382	71.2751	69.9458	70.0325	69757247
2014-02-24	69.7525	70.6551	69.6552	70.3392	72364950
2014-02-25	70.5832	70.6078	69.4658	69.6072	58247350
2014-02-26	69.8138	69.9992	68.7458	68.9792	69131286
2014-02-27	68.9512	70.5032	68.8058	70.3552	75557321
2014-02-28	70.5432	71.0325	69.6152	70.1645	93074653
2014-03-03	69.7885	70.7525	69.7072	70.3672	59667923
2014-03-04	70.7992	71.0178	70.3685	70.8312	64884834
2014-03-05	70.7885	71.2991	70.5498	70.9805	50065519
2014-03-06	71.0378	71.2578	70.4125	70.7658	46423111
2014-03-07	70.8112	70.9298	70.1392	70.7245	55415241
2014-03-10	70.4472	71.1098	70.4444	70.7885	44691430
2014-03-11	71.3925	71.8311	71.0112	71.4778	70198849
2014-03-12	71.2671	71.6458	70.9325	71.5471	50195460
2014-03-13	71.6578	71.9538	70.5538	70.7525	64435609
2014-03-14	70.5045	70.7845	69.7325	69.9578	59299492
2014-03-17	70.3592	70.6618	70.1125	70.2312	49886074
2014-03-18	70.1192	70.9285	70.0258	70.8525	52411863
2014-03-19	70.9672	71.4978	70.5325	70.8338	56188958
2014-03-20	70.6512	71.0218	70.3125	70.4925	52099537
2014-03-21	70.9232	71.1658	70.1765	71.0485	93612169
2014-03-24	71.7885	72.0658	71.3405	71.8911	88924871
2014-03-25	72.1991	72.7658	71.9445	72.6645	70573356
2014-03-26	72.8685	73.1991	71.8471	71.9698	74942224
2014-03-27	72.0011	72.1991	71.3485	71.6605	55507676
2014-03-28	71.7751	71.8578	71.2325	71.5805	50141063
2014-03-31	71.8965	72.1071	71.4565	71.5645	42167188
2014-04-01	71.7005	72.2485	71.5685	72.2191	50189685
2014-04-02	72.3165	72.4631	72.0338	72.3391	44792195
2014-04-03	72.1845	72.3325	71.6845	71.8378	40648111
2014-04-04	71.9738	71.9991	70.7432	70.9085	68812485
2014-04-07	70.4018	70.7858	69.5845	69.7952	72462530
2014-04-08	70.0245	70.1485	69.1592	69.7912	60971883
2014-04-09	69.6845	70.7312	69.6018	70.7085	51542722
2014-04-10	70.7565	70.9645	69.7552	69.7965	59912818
2014-04-11	69.1992	69.7098	68.9512	69.2805	67975012
2014-04-14	69.5858	69.6205	68.9605	69.5565	51445177
2014-04-15	69.3685	69.5512	68.1765	69.0605	66622577
2014-04-16	69.0725	69.4778	68.5506	69.2005	53732994
2014-04-17	69.3325	70.3672	69.2258	69.9912	71106721
2014-04-21	70.0445	70.9512	69.8605	70.8218	45668931
2014-04-22	70.4405	70.9093	70.1993	70.8924	50664453
2014-04-23	70.5405	70.8165	69.9258	69.9658	98735259
2014-04-24	75.7604	75.9991	74.7631	75.7018	189978082
2014-04-25	75.2698	76.2644	75.1938	76.2578	97568814
2014-04-28	76.3724	79.4324	76.3391	79.2111	167371680
2014-04-29	79.1644	79.4631	78.6004	78.9764	84344673
2014-04-30	79.0177	79.923	78.6391	78.6777	114220883
2014-05-01	78.9324	79.3057	78.1804	78.8631	61052418
2014-05-02	78.9777	79.2257	78.6271	79.0097	47878572
2014-05-05	78.6844	80.1324	78.6657	80.127	71766758
2014-05-06	80.239	80.587	79.2537	79.2537	93641373
2014-05-07	79.3657	79.6377	78.3631	78.9764	70715988
2014-05-08	78.4946	79.3166	78.2478	78.4599	57574363
2014-05-09	77.9996	78.2278	77.4378	78.1334	72899498
2014-05-12	78.3932	79.2165	78.3812	79.1058	53324677
2014-05-13	78.995	79.334	78.8216	79.2299	39934594
2014-05-14	79.0524	79.7156	78.9603	79.2446	41600846
2014-05-15	79.3553	79.6088	78.4666	78.5707	57711731
2014-05-16	78.5454	79.7329	78.1143	79.7303	69091834
2014-05-19	79.7756	81.0406	79.7063	80.675	79439024
2014-05-20	80.6643	80.9165	80.1599	80.691	58708986
2014-05-21	80.5736	80.9566	80.3374	80.9045	49249914
2014-05-22	80.9432	81.3769	80.6096	81.0326	50218945
2014-05-23	81.03	82.028	80.9259	81.948	58052491
2014-05-27	82.1815	83.5132	82.1482	83.4825	87216605
2014-05-28	83.5346	84.043	83.2357	83.2664	78921885
2014-05-29	83.7788	84.9824	83.7681	84.7836	94118633
2014-05-30	85.1305	85.9565	83.9189	84.466	141005137
2014-06-02	84.5941	84.7102	83.0649	83.8855	92337903
2014-06-03	83.8602	85.2319	83.8321	85.0718	73231620
2014-06-04	85.0584	86.4529	84.881	86.0432	83870521
2014-06-05	86.2274	86.6503	85.7483	86.3808	75951141
2014-06-06	86.7211	86.9025	85.9965	86.1433	87620911
2014-06-09	86.5877	87.6899	85.7003	87.5217	75414804
2014-06-10	88.4838	88.7827	87.4003	88.0355	62777042
2014-06-11	87.9234	88.5118	87.3069	87.6712	45681114
2014-06-12	87.8393	87.914	85.8404	86.2047	54748791
2014-06-13	86.1206	86.3448	84.8877	85.2613	54525280
2014-06-16	85.4761	86.6344	85.4201	86.1206	35561270
2014-06-17	86.2234	86.5877	85.747	86.0085	29726347
2014-06-18	86.186	86.2047	85.3267	86.1019	33514108
2014-06-19	86.2047	86.214	85.3163	85.803	35527686
2014-06-20	85.7937	86.4475	84.9063	84.9157	100898066
2014-06-23	85.2986	85.5789	84.6261	84.841	43694391
2014-06-24	84.7662	85.691	84.2432	84.3272	39036087
2014-06-25	84.2618	84.7195	83.7388	84.4019	36868541
2014-06-26	84.4113	85.0465	83.8789	84.9063	32629359
2014-06-27	84.8316	85.9338	84.7849	85.9151	64028803
2014-06-30	86.0272	87.5451	86.0179	86.8025	49589028
2014-07-01	87.3536	87.8673	86.9893	87.3536	38223477
2014-07-02	87.6758	87.858	86.9519	87.3162	28465073
2014-07-03	87.4937	87.8953	87.0547	87.83	22891753
2014-07-07	87.9327	89.6607	87.8953	89.6402	56467939
2014-07-08	89.9223	90.4173	87.7272	89.0629	65221678
2014-07-09	89.147	89.6234	88.5118	89.1003	36436440
2014-07-10	87.5778	89.2497	87.3536	88.7687	39685552
2014-07-11	89.0723	89.5673	88.6076	88.9415	34018228
2014-07-14	89.5393	90.5014	89.3431	90.0904	42810155
2014-07-15	90.4173	90.464	88.764	89.0349	45696176
2014-07-16	90.5761	90.6975	88.4931	88.5305	53502415
2014-07-17	88.764	88.9966	86.4662	86.9518	57298243
2014-07-18	87.447	88.4931	86.8866	88.2036	49987593
2014-07-21	88.7267	88.736	87.5404	87.745	39079002
2014-07-22	88.4371	88.6333	87.914	88.4745	55196597
2014-07-23	89.1283	91.4261	88.8948	90.7816	92917719
2014-07-24	90.6368	90.903	90.0624	90.6322	45728843
2014-07-25	90.464	91.3887	90.2679	91.2309	43469117
2014-07-28	91.3701	92.6964	91.1179	92.4909	55317689
2014-07-29	92.7805	92.8832	91.7717	91.8931	43143095
2014-07-30	91.9492	92.192	91.23	91.6783	33010001
2014-07-31	90.7536	91.0245	89.0442	89.2964	56842647
2014-08-01	88.6426	90.2492	88.5585	89.7915	48511286
2014-08-04	90.0157	90.2118	88.8948	89.2871	39958144
2014-08-05	89.0723	89.3712	88.1382	88.8481	55932663
2014-08-06	88.5025	89.1844	88.4651	88.6986	38558342
2014-08-07	89.1116	90.0691	88.3325	88.6892	46711179
2014-08-08	88.4827	89.0084	87.5628	88.9333	41865193
2014-08-11	89.4308	90.1911	89.0229	90.1067	36584844
2014-08-12	90.1536	90.9421	89.75	90.0879	33795352
2014-08-13	90.2569	91.28	90.1536	91.28	31866088
2014-08-14	91.3645	91.5898	90.867	91.5241	28115566
2014-08-15	91.8996	92.1718	90.9233	91.9747	48951331
2014-08-18	92.4534	93.2795	91.9747	93.0824	47572413
2014-08-19	93.317	94.5092	93.2326	94.3684	69399270
2014-08-20	94.2839	94.8941	93.8239	94.4059	52699192
2014-08-21	94.4059	94.7533	93.9741	94.4153	33478198
2014-08-22	94.1431	95.2508	94.0492	95.11	44183834
2014-08-25	95.5512	95.9079	95.0724	95.3165	40270173
2014-08-26	95.2039	95.2789	94.6782	94.7054	33151984
2014-08-27	94.8284	96.2834	94.528	95.8703	52369011
2014-08-28	95.3634	96.4805	95.3353	95.983	68459801
2014-08-29	96.5556	96.5931	95.936	96.2177	44595247
2014-09-02	96.7433	97.3817	96.4242	96.9686	53564262
2014-09-03	96.7809	96.8748	92.5379	92.8759	125420521
2014-09-04	92.7914	93.9554	91.7963	92.1061	85718221
2014-09-05	92.7444	93.2983	92.2845	92.904	58457035
2014-09-08	93.2138	93.2232	92.0404	92.3314	46356742
2014-09-09	93.0073	96.7621	90.2475	91.9841	189846255
2014-09-10	92.0029	94.9129	91.7682	94.8096	100869587
2014-09-11	94.2558	95.2226	93.5142	95.2132	62399743
2014-09-12	95.0067	95.9267	94.8847	95.4291	64096903
2014-09-15	96.5087	96.7339	95.2226	95.401	61316516
2014-09-16	93.6831	95.0537	92.8289	94.6782	66908133
2014-09-17	95.063	95.5606	94.4268	95.354	60926498
2014-09-18	95.6826	96.0769	95.3353	95.5512	37299435
2014-09-19	96.0205	96.0769	94.697	94.772	70902406
2014-09-22	95.5606	95.8797	94.4153	94.8659	52788426
2014-09-23	94.4341	96.6307	94.3778	96.3491	63402196
2014-09-24	95.8985	96.5462	94.9973	95.5136	60171828
2014-09-25	94.3496	94.5374	91.7306	91.8714	100091990
2014-09-26	92.491	94.5749	92.3689	94.5749	62370501
2014-09-29	92.6036	94.2792	92.5849	93.9741	49766312
2014-09-30	94.6312	95.3165	94.3684	94.5749	55264139
2014-10-01	94.4247	94.5186	92.6506	93.1011	51491286
2014-10-02	93.1856	94.0774	92.031	93.777	47757828
2014-10-03	93.3452	94.068	92.9697	93.5142	43469585
2014-10-06	93.8239	94.481	93.3264	93.5142	37051182
2014-10-07	93.3358	93.9835	92.6787	92.6975	42094183
2014-10-08	92.7069	94.9129	92.2845	94.6219	57404674
2014-10-09	95.3165	96.105	94.4435	94.8284	77376525
2014-10-10	94.5186	95.7765	94.1525	94.5561	66331592
2014-10-13	95.1194	95.5418	93.6925	93.6925	53583368
2014-10-14	94.237	94.359	92.5285	92.6975	63688562
2014-10-15	91.9653	93.073	89.3463	91.5617	100933600
2014-10-16	89.6936	91.7306	89.5622	90.3601	72154523
2014-10-17	91.5241	92.9322	90.8764	91.6837	68179688
2014-10-20	92.2892	93.8333	92.2	93.6456	77517279
2014-10-21	96.7058	96.7058	95.063	96.1895	94623904
2014-10-22	96.5368	97.729	96.3115	96.6776	68263146
2014-10-23	97.7008	98.6123	97.2784	98.4048	71074674
2014-10-24	98.7334	99.0244	98.1232	98.7709	47053916
2014-10-27	98.4236	99.015	98.2828	98.6677	34187701
2014-10-28	98.9399	100.1978	98.893	100.1978	48060949
2014-10-29	100.1133	100.7892	99.8411	100.761	52687879
2014-10-30	100.4034	100.7704	99.4093	100.4231	40654793
2014-10-31	101.3899	101.4181	100.639	101.3806	44639285
2014-11-03	101.5871	103.5396	101.3899	102.6947	52282550
2014-11-04	102.6572	102.7792	101.1177	101.9438	41574365
2014-11-05	102.4131	102.6009	101.4979	102.1878	37435905
2014-11-06	102.3858	102.5649	101.6316	102.4801	34968457
2014-11-07	102.5272	103.0646	102.3386	102.7723	33691535
2014-11-10	102.7817	103.074	102.4518	102.6026	27195547
2014-11-11	102.4801	103.47	102.1972	103.4228	27442252
2014-11-12	103.1211	105.0538	103.1117	104.8841	46942431
2014-11-13	105.4027	106.9583	105.2141	106.3643	59522855
2014-11-14	106.6754	107.6559	106.5811	107.6465	44063595
2014-11-17	107.7313	110.5691	106.8168	107.4674	46746712
2014-11-18	107.4202	109.0701	107.3731	108.8627	44223978
2014-11-19	108.8344	109.1172	107.2882	108.1084	41869160
2014-11-20	108.3347	110.1731	108.2781	109.6546	43395537
2014-11-21	110.7859	110.8425	109.3906	109.8054	57179298
2014-11-24	110.1637	111.9738	109.9469	111.8371	47450824
2014-11-25	112.2567	112.8978	110.7294	110.8708	68840440
2014-11-26	111.1913	112.285	111.0876	112.1907	40831886
2014-11-28	112.4452	112.5678	111.295	112.1247	24814402
2014-12-01	112.0116	112.4264	104.903	108.4856	83814037
2014-12-02	107.0054	109.1266	106.2983	108.0707	59348940
2014-12-03	109.1266	109.6923	108.5233	109.2964	43063440
2014-12-04	109.1455	110.4937	108.693	108.8815	42155776
2014-12-05	109.3529	109.4378	108.0802	108.4196	38318895
2014-12-08	107.5711	108.0877	105.233	105.9683	57664850
2014-12-09	103.8848	107.7596	103.0929	107.5899	60208036
2014-12-10	107.8633	108.2781	105.1576	105.5441	44565318
2014-12-11	105.8364	107.2882	104.969	105.233	41471578
2014-12-12	104.1393	105.4687	103.3097	103.4511	56028138
2014-12-15	104.3656	105.2141	100.2645	102.0322	67218082
2014-12-16	100.2834	103.8565	100.1797	100.6369	60790733
2014-12-17	100.9905	103.5548	100.7076	103.1494	53411773
2014-12-18	105.4687	106.204	104.3279	106.204	59006218
2014-12-19	105.8364	106.7603	105.2707	105.3838	88429770
2014-12-22	105.7421	106.996	105.5629	106.4774	45167549
2014-12-23	106.7508	106.8451	106.0249	106.1003	26028419
2014-12-24	106.138	106.2606	105.6007	105.6007	14479611
2014-12-26	105.6855	107.967	105.6007	107.4674	33720951
2014-12-29	107.2788	108.2027	107.194	107.3919	27598920
2014-12-30	107.1374	107.4014	105.6949	106.0815	29881477
2014-12-31	106.3643	106.6566	103.9037	104.0639	41403351
2015-01-02	105.0161	105.0633	101.2073	103.074	53204626
2015-01-05	102.0935	102.4329	99.3783	100.1703	64285491
2015-01-06	100.4437	101.2827	98.6429	100.1797	65797116
2015-01-07	101.0659	102.0087	100.5898	101.5844	40105934
2015-01-08	102.9797	105.7326	102.4801	105.4875	59364547
2015-01-09	106.2229	106.7697	103.9037	105.6007	53699527
2015-01-12	106.1569	106.1852	102.5743	102.9986	49650790
2015-01-13	105.0538	106.3455	102.678	103.9131	67091928
2015-01-14	102.8006	104.1676	102.2915	103.5171	48956588
2015-01-15	103.7057	103.7622	100.5568	100.7076	60013996
2015-01-16	100.9056	101.4241	99.1803	99.9251	78513345
2015-01-20	101.6693	102.7315	100.4059	102.4989	49899907
2015-01-21	102.7158	104.705	102.0747	103.2814	48575897
2015-01-22	103.9508	106.0343	103.4417	105.9683	53796409
2015-01-23	105.8741	107.2411	105.1481	106.5152	46464828
2015-01-26	107.2317	107.8186	106.3455	106.6283	55614979
2015-01-27	105.9872	106.0438	102.7912	102.8949	95568749
2015-01-28	110.8944	111.361	108.7118	108.7118	146477063
2015-01-29	109.664	112.3698	108.9475	112.0964	84436432
2015-01-30	111.625	113.1335	110.1637	110.456	83745461
2015-02-02	111.295	112.351	109.4378	111.8419	62739100
2015-02-03	111.7193	112.2755	110.8802	111.8607	51915749
2015-02-04	111.7193	113.6143	111.5392	112.7186	70149743
2015-02-05	113.5989	113.7976	112.8701	113.5232	42246245
2015-02-06	113.5989	113.8166	112.1129	112.5672	43706567
2015-02-09	112.2075	113.4285	112.0939	113.3149	38889797
2015-02-10	113.7408	115.6149	113.7314	115.4919	62008506
2015-02-11	116.2017	118.2367	115.9462	118.1989	73561797
2015-02-12	119.3157	120.6598	118.8519	119.6943	74474466
2015-02-13	120.4705	120.4705	118.9277	120.2812	54272219
2015-02-17	120.6692	121.9849	120.1297	120.991	63152405
2015-02-18	120.797	121.8902	120.6314	121.8287	44891737
2015-02-19	121.6063	122.1268	121.4643	121.5779	37362381
2015-02-20	121.7388	122.5717	121.1993	122.567	48948419
2015-02-23	123.0639	125.8844	122.7231	125.8844	70974110
2015-02-24	125.8276	126.4523	124.1523	125.0988	69228130
2015-02-25	124.5215	124.5593	121.2939	121.8997	74711746
2015-02-26	121.8949	123.8684	119.8363	123.4377	91287529
2015-02-27	123.0449	123.5844	121.3791	121.5873	62014847
2015-03-02	122.3351	123.31	121.4359	122.1836	48096663
2015-03-03	122.0606	122.5906	121.2371	122.4392	37816283
2015-03-04	122.1931	122.6285	121.4548	121.663	31666340
2015-03-05	121.7009	121.8618	119.0318	119.647	56517146
2015-03-06	121.5305	122.4486	119.505	119.8268	72842060
2015-03-09	121.1141	122.6379	118.3692	120.3379	88528487
2015-03-10	119.647	120.4137	117.1766	117.8487	68856582
2015-03-11	118.0758	118.0947	115.5771	115.7001	68938974
2015-03-12	115.7664	118.2178	115.1227	117.7919	48362719
2015-03-13	117.7445	118.6864	116.0219	116.9779	51827283
2015-03-16	117.2524	118.2651	116.2964	118.2651	35874300
2015-03-17	119.1643	120.5083	118.9277	120.2433	51023104
2015-03-18	120.2054	122.2499	119.6091	121.5968	65270945
2015-03-19	121.8618	122.3304	120.584	120.674	45809490
2015-03-20	121.3886	121.5305	118.4639	119.1643	68695136
2015-03-23	120.319	121.01	119.7511	120.4042	37709674
2015-03-24	120.4231	121.1898	119.789	119.912	32842304
2015-03-25	119.7701	120.0351	116.7791	116.7791	51655177
2015-03-26	116.1923	118.1989	116.0408	117.5931	47572869
2015-03-27	117.9054	118.0285	116.3343	116.6561	39546151
2015-03-30	117.4133	119.6375	117.3659	119.6091	47099670
2015-03-31	119.3441	119.7227	117.7019	117.7729	42090553
2015-04-01	118.1421	118.426	116.5141	117.6026	40621437
2015-04-02	118.3408	118.8425	117.5458	118.6153	32220131
2015-04-06	117.8108	120.6882	117.6783	120.5367	37193975
2015-04-07	120.8112	121.2672	119.24	119.2684	35012268
2015-04-08	119.117	119.6375	118.284	118.8803	37329243
2015-04-09	119.117	119.8079	117.9906	119.789	32483974
2015-04-10	119.2116	120.4042	118.5585	120.3001	40187953
2015-04-13	121.5021	121.6914	119.8363	120.0635	36365123
2015-04-14	120.2054	120.4799	119.1738	119.5429	25524593
2015-04-15	119.647	120.3285	119.2684	119.9972	28970419
2015-04-16	119.524	120.3001	119.3631	119.4198	28368987
2015-04-17	118.833	119.3915	117.8013	118.0758	51957046
2015-04-20	118.8519	121.2655	118.4733	120.7733	47054310
2015-04-21	121.2466	121.3412	119.8931	120.1203	32435057
2015-04-22	120.196	121.9754	119.5618	121.7388	37654505
2015-04-23	121.4359	123.4425	121.2845	122.7326	45770902
2015-04-24	123.5087	123.6412	122.3161	123.31	44525905
2015-04-27	125.2314	126.0075	124.1334	125.5532	96954207
2015-04-28	127.2616	127.342	122.6379	123.575	118923970
2015-04-29	123.1964	124.5499	121.4359	121.7577	63386083
2015-04-30	120.6787	121.0384	117.9149	118.4544	83195423
2015-05-01	119.3536	123.168	118.5964	122.0511	58512638
2015-05-04	122.5717	123.5844	121.398	121.8145	50988278
2015-05-05	121.2939	121.5777	119.0507	119.0696	49271416
2015-05-06	119.789	119.9688	116.7602	118.3219	72141010
2015-05-07	118.5881	119.8332	117.8752	119.0538	43940895
2015-05-08	120.4034	121.2969	119.8617	121.2969	55550382
2015-05-11	121.0783	121.2398	119.4007	120.0613	42035757
2015-05-12	119.3769	120.5935	118.6356	119.6288	48160032
2015-05-13	119.8997	120.8882	119.6336	119.7666	34694235
2015-05-14	121.0973	122.561	120.8597	122.561	45203456
2015-05-15	122.675	123.0742	121.8576	122.3899	38208034
2015-05-18	122.0192	124.2433	122.0002	123.7395	50882918
2015-05-19	124.2148	124.3953	123.2168	123.6255	44633240
2015-05-20	123.5589	124.4904	122.9316	123.616	36454932
2015-05-21	123.6255	125.1082	123.3974	124.8801	39730364
2015-05-22	125.0797	126.3818	124.8896	125.9731	45595972
2015-05-26	126.0301	126.3248	122.7225	123.1978	70697560
2015-05-27	123.8821	125.707	123.6065	125.5026	45833246
2015-05-28	125.3268	125.4123	124.6044	125.2507	30733309
2015-05-29	124.728	124.9371	123.4639	123.8251	50884452
2015-06-01	124.6995	124.8801	123.6065	124.0674	32112797
2015-06-02	123.4259	124.1815	122.9126	123.5209	33667627
2015-06-03	124.1862	124.4524	123.4639	123.673	30983542
2015-06-04	123.1598	124.1102	122.5229	122.9507	38450118
2015-06-05	123.0837	123.2643	122.0002	122.2758	35626800
2015-06-08	122.5134	122.8081	120.546	121.4679	52674786
2015-06-09	120.4224	121.7341	119.396	121.1068	56075420
2015-06-10	121.582	122.9316	121.5155	122.4944	39087250
2015-06-11	122.7796	123.73	122.1095	122.2188	35390887
2015-06-12	121.8339	121.9717	120.8121	120.8692	36886246
2015-06-15	119.8522	120.9357	119.4815	120.6315	43988946
2015-06-16	120.7361	121.5155	120.1088	121.2779	31494131
2015-06-17	121.3919	121.544	120.4605	120.9927	32918071
2015-06-18	120.9262	121.9527	120.9167	121.544	35407220
2015-06-19	121.3824	121.487	120.1373	120.3274	54716887
2015-06-22	121.1733	121.7151	120.7836	121.2874	34039345
2015-06-23	121.1638	121.2874	120.5928	120.7361	30268863
2015-06-24	120.9072	123.3689	120.8216	121.7626	55280855
2015-06-25	122.4754	122.7986	121.1828	121.1828	31938100
2015-06-26	121.3444	121.6485	120.2419	120.47	44066841
2015-06-29	119.2439	120.2038	118.3124	118.36	49161427
2015-06-30	119.3484	119.8712	118.6736	119.2106	44370682
2015-07-01	120.6125	120.6506	119.7476	120.3274	30238811
2015-07-02	120.1658	120.4129	119.5385	120.1753	27210952
2015-07-06	118.7496	119.9757	118.6641	119.7571	28060431
2015-07-07	119.6526	119.8997	117.6376	119.4625	46946811
2015-07-08	118.3124	118.4645	116.4686	116.4971	60761614
2015-07-09	117.7137	117.9133	113.3131	114.1209	78595038
2015-07-10	115.8983	117.7137	115.2045	117.1719	61354474
2015-07-13	118.8352	119.5243	118.1604	119.434	41440538
2015-07-14	119.7951	120.1088	118.8447	119.3865	31768139
2015-07-15	119.491	120.8501	119.3579	120.5365	33649200
2015-07-16	121.4109	122.1998	121.0402	122.1428	36222447
2015-07-17	122.6845	123.1978	121.9527	123.1978	46164710
2015-07-20	124.4809	126.3818	124.2243	125.5264	58900203
2015-07-21	126.2677	126.3343	123.8631	124.2718	76756427
2015-07-22	115.9458	119.2819	115.9458	119.0158	115450607
2015-07-23	119.9472	120.7931	118.8637	118.9587	50999452
2015-07-24	119.1108	119.51	117.7612	118.3314	42162332
2015-07-27	116.9913	117.4855	116.0694	116.6872	44455540
2015-07-28	117.2669	117.7707	116.4781	117.2669	33618097
2015-07-29	117.0483	117.381	116.2119	116.8963	37011653
2015-07-30	116.2595	116.497	115.6797	116.307	33628268
2015-07-31	116.5256	116.566	114.9193	115.29	42884953
2015-08-03	115.4801	116.4971	111.6973	112.5717	69975968
2015-08-04	111.6022	111.8684	107.6388	108.96	124138623
2015-08-05	107.3537	111.6212	106.5458	109.6823	99312613
2015-08-06	110.723	111.229	108.9519	109.921	52903040
2015-08-07	109.3959	110.9903	109.3195	110.2934	38670405
2015-08-10	111.2577	114.5611	111.2577	114.3033	54951597
2015-08-11	112.4797	112.833	108.2024	108.3552	97082814
2015-08-12	107.4386	110.1979	104.6698	110.026	101685610
2015-08-13	110.7898	111.1335	109.3577	109.9401	48535789
2015-08-14	109.1477	111.0476	108.8517	110.7135	42929516
2015-08-17	110.7898	112.327	110.2743	111.8592	40884745
2015-08-18	111.1622	112.1265	110.7612	111.229	34560708
2015-08-19	110.8471	111.2481	109.4914	109.8064	48286510
2015-08-20	108.9185	109.1763	106.5794	107.5532	68501622
2015-08-21	105.4337	106.8371	100.8651	100.9749	128275471
2015-08-24	90.5777	103.8774	87.8375	98.4544	162206292
2015-08-25	106.0829	106.0829	98.8172	99.0463	103601599
2015-08-26	102.24	104.9181	100.2971	104.7271	96774611
2015-08-27	107.1713	108.1165	105.0422	107.811	84616056
2015-08-28	107.0949	108.1834	106.4934	108.1643	53164407
2015-08-31	107.0567	109.3482	106.9326	107.6582	56229271
2015-09-01	105.195	106.818	102.5026	102.8463	76845860
2015-09-02	105.0231	107.2572	104.1934	107.2572	61888812
2015-09-03	107.4005	107.6773	105.0613	105.3764	53233940
2015-09-04	104.0397	105.4527	103.6005	104.3261	49996311
2015-09-08	106.5985	107.4673	105.3286	107.2286	54843626
2015-09-09	108.613	108.8612	104.8035	105.1663	85010804
2015-09-10	105.2809	108.1571	104.9276	107.4768	62892831
2015-09-11	106.7321	109.0426	106.7035	109.0426	49915473
2015-09-14	111.3054	111.6014	109.6632	110.0929	58363431
2015-09-15	110.6848	111.2577	109.2431	111.019	43341155
2015-09-16	110.9903	111.2672	110.217	111.1431	37173489
2015-09-17	110.427	111.2195	108.57	108.7658	64112641
2015-09-18	107.1331	109.1286	106.8085	108.317	74285291
2015-09-21	108.5271	110.1501	108.5175	109.9974	50221965
2015-09-22	108.2502	109.014	107.4292	108.2693	50346159
2015-09-23	108.4889	109.5296	108.1738	109.1477	35756716
2015-09-24	108.1261	110.2743	107.2859	109.7969	50219475
2015-09-25	111.1717	111.4104	108.8612	109.52	56151926
2015-09-28	108.6989	109.3863	107.3527	107.3527	52109011
2015-09-29	107.7251	108.3743	102.9799	104.1256	73365384
2015-09-30	105.1854	106.4934	103.8106	105.3095	66473033
2015-10-01	104.1352	104.6603	102.4548	104.6221	63929100
2015-10-02	103.1231	105.9908	102.684	105.3859	58019758
2015-10-05	104.9085	106.3309	104.1352	105.7678	52064743
2015-10-06	105.6246	106.6844	104.7987	106.2738	48856977
2015-10-07	106.6844	106.713	104.4598	105.7678	46765550
2015-10-08	105.2045	105.2045	103.3141	104.5457	61979577
2015-10-09	105.0231	107.2	104.5362	107.0472	52766140
2015-10-12	107.6296	107.6487	106.398	106.5507	30467204
2015-10-13	105.806	107.3623	105.6723	106.7321	33049256
2015-10-14	106.2547	106.4743	104.603	105.2236	44462449
2015-10-15	105.911	107.0281	105.4909	106.799	37673452
2015-10-16	106.7226	106.9326	105.5291	106.0161	39232609
2015-10-19	105.7869	106.6939	105.1281	106.6748	29759153
2015-10-20	106.3025	109.0044	105.806	108.6225	48967763
2015-10-21	108.8421	110.3506	108.5557	108.613	42326974
2015-10-22	109.1572	110.2743	108.9376	110.2743	41654089
2015-10-23	111.42	113.8336	111.0667	113.6923	59366914
2015-10-26	112.7375	112.7853	109.7205	110.0642	66333781
2015-10-27	110.1788	111.2672	108.8326	109.3672	69884400
2015-10-28	111.6396	113.9023	110.8089	113.8737	85551352
2015-10-29	113.3295	115.2294	112.9189	115.0767	51227334
2015-10-30	115.5159	115.7355	114.0456	114.0933	49365254
2015-11-02	114.4465	115.8691	114.1983	115.6973	32203267
2015-11-03	115.3249	117.9028	115.239	117.0244	45518976
2015-11-04	117.559	118.2178	116.1174	116.4802	44886050
2015-11-05	116.8349	117.6403	115.2336	115.9432	39552680
2015-11-06	116.1254	116.7966	115.6555	116.0774	33042283
2015-11-09	115.9815	116.7966	115.109	115.6076	33871405
2015-11-10	112.0886	113.2105	111.2842	111.964	59127931
2015-11-11	111.5805	112.5872	110.4682	111.3312	45217971
2015-11-12	111.475	112.0119	110.8901	110.9572	32525579
2015-11-13	110.4586	110.8134	107.6492	107.7163	45812403
2015-11-16	106.7958	109.5381	106.4315	109.4758	38106701
2015-11-17	110.1901	110.3148	108.656	109.0108	27616939
2015-11-18	110.9956	112.6544	110.7463	112.4626	46674697
2015-11-19	112.7982	114.8213	111.9544	113.8913	43295820
2015-11-20	114.294	114.9843	113.9584	114.3899	34287096
2015-11-23	114.3611	114.8022	112.5105	112.9037	32482528
2015-11-24	112.5009	114.4378	112.2996	113.9872	42803172
2015-11-25	114.3036	114.3227	113.0667	113.1721	21388308
2015-11-27	113.4214	113.5365	112.7598	112.9612	13046445
2015-11-30	113.1338	114.4953	112.9037	113.431	39180322
2015-12-01	113.8625	113.92	112.0503	112.5105	34852374
2015-12-02	112.2325	113.2488	111.3024	111.4942	33386563
2015-12-03	111.753	111.9832	109.5189	110.4586	41569509
2015-12-04	110.5449	114.3419	110.3723	114.131	57776977
2015-12-07	114.083	114.9268	112.9612	113.4118	32084249
2015-12-08	112.6831	113.7187	112.0503	113.3639	34309450
2015-12-09	112.7982	112.8461	110.3436	110.8613	46361357
2015-12-10	111.264	112.127	110.7559	111.3887	29212727
2015-12-11	110.449	110.6408	108.2063	108.5217	46886161
2015-12-14	107.5629	108.0423	105.2713	107.8506	65003609
2015-12-15	107.3328	108.1574	105.8082	105.9425	53323105
2015-12-16	106.4986	107.3807	104.322	106.7575	56238467
2015-12-17	107.4095	107.63	104.4946	104.4946	44772827
2015-12-18	104.4275	105.0124	101.4551	101.666	96453327
2015-12-21	102.8646	102.9509	101.225	102.9125	47590610
2015-12-22	102.9796	103.2865	102.0697	102.8166	32789367
2015-12-23	102.855	104.37	102.7879	104.1398	32657354
2015-12-24	104.5138	104.5138	103.507	103.5837	13596680
2015-12-28	103.1618	103.2577	101.8105	102.4235	26704210
2015-12-29	102.5578	104.9261	102.4619	104.2645	30931243
2015-12-30	104.1111	104.2261	102.7687	102.9029	25213777
2015-12-31	102.6057	102.6249	100.5058	100.9277	40912316
2016-01-04	98.3868	101.0313	97.8019	101.014	67649387
2016-01-05	101.3976	101.4934	98.195	98.4827	55790992
2016-01-06	96.4212	98.1567	95.7596	96.5554	68457388
2016-01-07	94.6185	96.0089	92.4611	92.4803	81094428
2016-01-08	94.4939	95.0308	92.7776	92.9693	70798016
2016-01-11	94.8966	94.9829	93.3337	94.4747	49739377
2016-01-12	96.4116	96.5458	94.7719	95.8459	49154227
2016-01-13	96.191	97.0252	93.2953	93.3816	62439631
2016-01-14	93.9282	96.3445	91.7995	95.424	63170127
2016-01-15	92.2406	93.6885	91.4352	93.1323	79833891
2016-01-19	94.3597	94.5898	91.5694	92.6817	53087747
2016-01-20	91.1859	94.1484	89.575	92.8063	72334416
2016-01-21	93.0652	93.8515	91.0325	92.3365	52161463
2016-01-22	94.5706	97.2841	94.3213	97.2458	65800467
2016-01-25	97.3417	97.3512	95.1267	95.3473	51794525
2016-01-26	95.8171	96.728	94.0336	95.8746	75077002
2016-01-27	92.0872	92.6519	89.4983	89.575	133369674
2016-01-28	89.9298	90.6298	88.5874	90.2175	55678825
2016-01-29	90.8886	93.3337	90.4668	93.3337	64416504
2016-02-01	92.4995	92.7296	91.4735	92.4611	40943541
2016-02-02	91.4927	92.0872	90.3996	90.5914	37357215
2016-02-03	91.09	92.8543	90.2079	92.3844	45964294
2016-02-04	92.4134	93.8305	91.7674	93.1268	46471652
2016-02-05	93.0496	93.4352	90.3214	90.6395	46418064
2016-02-08	89.7815	92.2591	89.6948	91.5939	54021375
2016-02-09	90.8998	92.4905	90.5528	91.5746	44331195
2016-02-10	92.4712	92.8857	90.7166	90.8805	42343601
2016-02-11	90.4178	91.3143	89.2609	90.331	50074711
2016-02-12	90.8034	91.1023	89.6658	90.6106	40351381
2016-02-16	91.6036	93.3678	91.2083	93.1653	49057916
2016-02-17	93.1942	94.6789	92.6929	94.5921	44863243
2016-02-18	95.2862	95.3344	92.6361	92.799	39020983
2016-02-19	92.5483	93.2809	92.3555	92.5869	35374173
2016-02-22	92.8472	93.416	92.4712	93.3967	34280758
2016-02-23	92.9339	93.0303	91.1505	91.2854	31942633
2016-02-24	90.601	92.9147	89.9647	92.6447	36255745
2016-02-25	92.5965	93.281	91.8253	93.281	27582659
2016-02-26	93.7052	94.4993	93.1075	93.4256	28991131
2016-02-29	93.3774	94.6981	93.175	93.2135	35216277
2016-03-01	94.139	97.1468	93.9173	96.9155	50407147
2016-03-02	96.8962	97.2625	96.0575	97.1275	33169560
2016-03-03	96.9637	98.0529	96.8383	97.8506	36955742
2016-03-04	98.6893	100.0197	97.7253	99.3063	46055100
2016-03-07	98.7086	99.1328	97.33	98.2073	35915810
2016-03-08	97.1565	98.1012	96.7901	97.3975	31561889
2016-03-09	97.6674	97.9277	96.6648	97.4842	27201683
2016-03-10	97.7638	98.564	96.5491	97.5324	33513577
2016-03-11	98.564	98.6025	97.8506	98.5832	27408237
2016-03-14	98.2458	99.2099	98.1205	98.8339	25076062
2016-03-15	100.2221	101.3983	100.1161	100.8198	40067734
2016-03-16	100.8488	102.4876	100.8295	102.1599	38303493
2016-03-17	101.726	102.6419	101.1862	101.996	34420705
2016-03-18	102.5166	102.6708	101.4079	102.1117	44205171
2016-03-21	102.1213	103.7794	101.3598	102.102	35502678
2016-03-22	101.4657	103.4324	101.4272	102.8829	32444375
2016-03-23	102.6515	103.2203	102.0924	102.3141	25703495
2016-03-24	101.6778	102.4298	101.1187	101.8706	26132955
2016-03-28	102.1888	102.3719	101.2826	101.4079	19411372
2016-03-29	101.1187	103.9144	101.109	103.8084	31190083
2016-03-30	104.7435	106.4499	104.6953	105.6208	45601149
2016-03-31	105.775	105.9486	104.9652	105.0713	25888449
2016-04-01	104.8688	106.045	104.3097	106.0353	25873950
2016-04-04	106.4499	108.1562	106.3052	107.1247	37356204
2016-04-05	105.5726	106.7487	105.4858	105.8618	26578652
2016-04-06	106.2667	106.9897	105.2737	106.9704	26404077
2016-04-07	105.9968	106.4499	104.2335	104.6375	31801870
2016-04-08	104.9941	105.8232	104.2808	104.7531	23581740
2016-04-11	105.052	106.633	104.917	105.1002	29407518
2016-04-12	105.4087	106.527	104.7531	106.4691	27232325
2016-04-13	106.8162	108.3008	106.8162	108.0116	33257316
2016-04-14	107.6067	108.349	107.3271	108.0695	25473923
2016-04-15	108.0791	108.2623	105.7847	105.9004	46938969
2016-04-18	104.9749	105.0327	103.095	103.6156	60821461
2016-04-19	104.0012	104.1169	102.4105	103.0661	32384879
2016-04-20	102.8058	104.2036	102.2466	103.2781	30611030
2016-04-21	103.0853	103.0853	101.726	102.1599	31552525
2016-04-22	101.2344	102.6515	100.8584	101.8803	33683121
2016-04-25	101.2247	101.8514	100.7523	101.3019	28031588
2016-04-26	100.1739	101.5139	100.1739	100.5981	56016165
2016-04-27	92.5483	95.1609	92.2398	94.3029	114602142
2016-04-28	94.1004	94.3607	90.8612	91.4204	82242690
2016-04-29	90.6106	91.3143	89.1838	90.3696	68531478
2016-05-02	90.5865	90.6974	89.0778	90.2732	48160104
2016-05-03	90.813	92.2977	90.3117	91.7578	56831277
2016-05-04	91.7771	92.4519	90.4467	90.8034	41025475
2016-05-05	91.172	91.2399	89.8917	90.4349	35890500
2016-05-06	90.561	90.6386	89.0867	89.9305	43699886
2016-05-09	90.2021	90.9489	89.8044	89.9984	32936436
2016-05-10	90.5222	90.7549	89.3389	90.6095	33686836
2016-05-11	90.6677	90.7549	89.6783	89.7268	28719109
2016-05-12	89.9305	89.9887	86.7783	87.6221	76314690
2016-05-13	87.2923	88.9121	87.2923	87.7967	44392765
2016-05-16	89.6104	91.5503	88.8927	91.0556	61259756
2016-05-17	91.7055	91.8509	90.2118	90.6774	46916939
2016-05-18	91.3272	92.3456	91.0653	91.7152	42062391
2016-05-19	91.7928	91.7928	90.7549	91.366	30442100
2016-05-20	91.7928	92.559	91.6764	92.3553	32025968
2016-05-23	92.9858	94.266	92.7918	93.5289	38018643
2016-05-24	94.2951	95.139	93.9266	94.9547	35140174
2016-05-25	95.7015	96.7393	95.1584	96.6229	38642108
2016-05-26	96.6811	97.6995	95.6724	97.3892	56331159
2016-05-27	96.4483	97.4474	96.2592	97.331	36341240
2016-05-31	96.6035	97.3795	95.847	96.8557	42307212
2016-06-01	96.041	96.5453	95.3717	95.4978	29173285
2016-06-02	94.6637	94.8965	93.7229	94.7801	40191600
2016-06-03	94.848	95.3135	94.5182	94.9741	28504888
2016-06-06	95.042	98.8246	94.6152	95.6627	23292504
2016-06-07	96.2641	96.8654	95.9828	96.0507	22409450
2016-06-08	96.041	96.5647	95.7112	95.9634	20848131
2016-06-09	95.5366	96.9818	95.4978	96.652	26601354
2016-06-10	95.5657	96.3569	95.5172	95.8567	31712936
2016-06-13	95.7209	96.138	94.1787	94.4115	38020494
2016-06-14	94.3921	95.5124	93.8393	94.5279	31931944
2016-06-15	94.8771	95.4493	94.1109	94.2175	29445227
2016-06-16	93.5483	94.8092	93.1797	94.6152	31326815
2016-06-17	93.7132	93.7423	92.4329	92.462	61008219
2016-06-20	93.1118	93.6647	92.171	92.2389	34411901
2016-06-21	92.0837	93.4513	91.8277	93.0245	35546358
2016-06-22	93.3543	93.9751	92.4814	92.6754	29219122
2016-06-23	93.0536	93.3931	92.3844	93.2088	32240187
2016-06-24	90.1148	91.8073	89.8626	90.5901	75311356
2016-06-27	90.2021	90.2506	88.7472	89.271	46622188
2016-06-28	90.1051	90.8422	89.368	90.7743	40444914
2016-06-29	91.1429	91.7055	90.8131	91.56	36531006
2016-06-30	91.5988	92.8888	91.463	92.7239	35836356
2016-07-01	92.6172	93.5629	92.462	93.0051	26026540
2016-07-05	92.5202	92.5299	91.6182	92.1322	27705210
2016-07-06	91.754	92.7821	91.5309	92.656	30949090
2016-07-07	92.8209	93.5968	92.7433	93.0536	25139558
2016-07-08	93.5871	93.9751	93.1603	93.7714	28912103
2016-07-11	93.8393	94.7122	93.8199	94.0624	23794945
2016-07-12	94.2466	94.7607	94.1981	94.4891	24167463
2016-07-13	94.4794	94.7316	93.9266	93.9557	25892171
2016-07-14	94.46	96.0119	94.3921	95.8179	38918997
2016-07-15	95.944	96.3126	95.5366	95.8082	30136990
2016-07-18	95.7306	97.1176	95.6336	96.8266	36493867
2016-07-19	96.5647	96.9915	96.3514	96.8654	23779924
2016-07-20	96.9915	97.4377	96.7345	96.9527	26275968
2016-07-21	96.8266	97.9614	96.1477	96.4386	32702028
2016-07-22	96.2738	96.3126	95.3523	95.6918	28313669
2016-07-25	95.2941	95.8664	94.0042	94.4115	40382921
2016-07-26	93.9072	95.0226	93.5192	93.7617	56239822
2016-07-27	101.1282	101.2106	99.6588	99.8527	92344820
2016-07-28	99.7364	101.3076	99.7267	101.2009	39869839
2016-07-29	101.0554	101.4046	100.5608	101.0748	27733688
2016-08-01	101.2688	102.9565	101.2688	102.8595	38167871
2016-08-02	102.8595	102.8789	100.8712	101.3367	33816556
2016-08-03	101.6568	102.6558	101.618	102.6073	30202641
2016-08-04	102.9584	103.3679	102.6658	103.2412	27408650
2016-08-05	103.6312	104.977	103.5435	104.8112	40553402
2016-08-08	104.8502	105.6791	104.4991	105.6791	28037220
2016-08-09	105.5426	106.2349	105.328	106.1082	26315204
2016-08-10	106.0106	106.1959	105.0842	105.3183	24008505
2016-08-11	105.8254	106.2252	105.172	105.25	27484506
2016-08-12	105.1037	105.7473	105.1037	105.4938	18660434
2016-08-15	105.4548	106.82	105.3963	106.7615	25868209
2016-08-16	106.9078	107.4929	106.4982	106.664	33794448
2016-08-17	106.391	106.6543	105.6498	106.508	25355976
2016-08-18	106.5177	106.8785	106.3129	106.3715	21984703
2016-08-19	106.0692	106.9663	105.6693	106.6445	25368072
2016-08-22	106.1569	106.391	105.172	105.8156	25820230
2016-08-23	105.8936	106.6055	105.8351	106.1472	21257669
2016-08-24	105.8692	106.0497	105.0062	105.3475	23675081
2016-08-25	104.7234	105.2013	104.0311	104.899	25086248
2016-08-26	104.7429	105.2695	103.6702	104.2846	27766291
2016-08-29	103.9725	104.7722	103.6507	104.1676	24970300
2016-08-30	103.1729	103.8555	102.8804	103.3679	24863945
2016-08-31	103.0364	103.9237	103.0169	103.4655	29662406
2016-09-01	103.5045	104.1481	102.9974	104.0798	26701523
2016-09-02	105.0257	105.3183	104.1676	105.055	26802450
2016-09-06	105.2208	105.6108	104.8404	105.0257	26880391
2016-09-07	105.1525	106.0594	104.4114	105.6693	42364328
2016-09-08	104.5869	104.6064	102.6268	102.8999	53002026
2016-09-09	102.0417	103.0949	100.5692	100.5692	46556984
2016-09-12	100.1011	103.0949	99.9841	102.8218	45292770
2016-09-13	104.8404	106.0887	104.5771	105.2695	62176190
2016-09-14	106.0301	110.2234	105.9034	108.9947	112340318
2016-09-15	111.0328	112.8563	110.672	112.7003	90613177
2016-09-16	112.2615	113.2464	111.2083	112.0664	79886911
2016-09-19	112.3297	113.2952	110.4379	110.7597	47023046
2016-09-20	110.2429	111.2863	109.7163	110.75	34514269
2016-09-21	111.023	111.1586	109.649	110.7305	36003185
2016-09-22	111.5106	112.0859	111.1693	111.7739	31073984
2016-09-23	111.5789	111.9397	108.7801	109.9113	52481151
2016-09-26	108.8679	110.5744	108.7801	110.0771	29869442
2016-09-27	110.1941	110.3697	109.5505	110.2819	24607412
2016-09-28	110.867	111.7934	110.6134	111.1205	29641085
2016-09-29	110.3501	110.9743	109.0239	109.3945	35886990
2016-09-30	109.6675	110.5549	109.0239	110.2429	36379106
2016-10-03	109.9113	110.2429	109.492	109.726	21701760
2016-10-04	110.2526	111.4716	109.8333	110.1941	29736835
2016-10-05	110.5842	110.8377	109.8918	110.2429	21453089
2016-10-06	110.8767	111.5008	110.3209	111.062	28779313
2016-10-07	111.4716	111.7154	110.6915	111.2278	24358443
2016-10-10	112.164	113.851	111.8714	113.1684	36235956
2016-10-11	114.7774	115.7428	113.3147	113.4122	64041043
2016-10-12	114.4361	115.0505	113.851	114.4264	37586787
2016-10-13	113.89	114.5239	112.8466	114.0753	35192406
2016-10-14	114.9529	115.2357	114.2216	114.7092	35652191
2016-10-17	114.4166	114.9139	113.8803	114.6311	23624896
2016-10-18	115.2455	115.2748	114.5336	114.5531	24553478
2016-10-19	114.3386	114.8359	110.9743	114.2118	20034594
2016-10-20	113.9583	114.4654	113.4414	114.1533	24125801
2016-10-21	113.9095	114.007	113.3927	113.7047	23192665
2016-10-24	114.1923	114.8164	114.0948	114.7287	23538673
2016-10-25	115.0212	115.421	114.3971	115.3138	48128970
2016-10-26	111.4716	112.8271	110.4964	112.7198	66134219
2016-10-27	112.5248	112.9831	111.2668	111.6374	34562045
2016-10-28	111.0425	112.3492	110.6329	110.8962	37861662
2016-10-31	110.828	111.3936	110.3892	110.7207	26419398
2016-11-01	110.6427	110.945	107.7855	108.7216	43825812
2016-11-02	108.6338	109.5603	108.4681	108.8191	28331709
2016-11-03	108.7799	109.2504	107.3783	107.6527	26932602
2016-11-04	106.3785	108.0644	105.9668	106.6823	30836997
2016-11-07	107.8978	108.3192	107.2901	108.2212	32560000
2016-11-08	108.1232	109.5053	107.5253	108.8583	24254179
2016-11-09	107.7017	109.1132	105.908	108.6819	59176361
2016-11-10	108.8877	108.8877	103.732	105.6532	57134541
2016-11-11	104.9964	106.7118	104.4377	106.2805	34143898
2016-11-14	105.5748	105.6718	102.0167	103.6144	51175504
2016-11-15	104.4574	105.5453	104.0548	104.9866	32264510
2016-11-16	104.5848	108.0448	104.4868	107.8096	58840522
2016-11-17	107.6331	108.1624	106.6725	107.7703	27632003
2016-11-18	107.5449	108.3486	107.4861	107.8782	28428917
2016-11-21	107.937	109.7699	107.8292	109.5151	29264571
2016-11-22	109.7307	110.1914	109.1916	109.5837	25965534
2016-11-23	109.1524	109.2994	108.1428	109.025	27426394
2016-11-25	108.927	109.6523	108.7505	109.5739	11475922
2016-11-28	109.221	110.2355	109.1818	109.3582	27193983
2016-11-29	108.5839	109.8091	107.888	109.2504	28528750
2016-11-30	109.3876	109.9757	108.084	108.329	36162258
2016-12-01	108.1771	108.7407	106.8686	107.3195	37086862
2016-12-02	107.0058	107.9076	106.6922	107.7213	26527997
2016-12-05	107.8194	107.8488	106.104	106.947	34324540
2016-12-06	107.3293	108.1722	107.0254	107.7703	26195462
2016-12-07	107.094	108.9858	106.996	108.8289	29998719
2016-12-08	108.6623	110.2012	108.4075	109.8973	27068316
2016-12-09	110.0836	112.4262	110.0836	111.691	34402627
2016-12-12	111.0441	112.7202	110.26	111.0539	26374377
2016-12-13	111.5832	113.622	111.495	112.9065	43733811
2016-12-14	112.7594	113.8964	112.7006	112.9065	34031834
2016-12-15	113.0927	114.4159	112.9457	113.524	46524544
2016-12-16	114.1611	114.1905	113.3524	113.671	44351134
2016-12-19	113.5044	115.0531	113.4554	114.3277	27779423
2016-12-20	114.4257	115.1707	114.3669	114.6316	21424965
2016-12-21	114.4845	115.0727	114.4649	114.7394	23783165
2016-12-22	114.0435	114.2003	113.3475	113.9847	26085854
2016-12-23	113.2985	114.2101	113.2985	114.2101	14249484
2016-12-27	114.2101	115.4647	114.1807	114.9354	18296855
2016-12-28	115.1903	115.677	113.8964	114.4453	20905892
2016-12-29	114.1415	114.7879	114.0925	114.4159	15039519
2016-12-30	114.3375	114.8766	113.1417	113.524	30586265
2017-01-03	113.5044	114.0239	112.485	113.8474	28781865
2017-01-04	113.5534	114.2003	113.4554	113.72	21118116
2017-01-05	113.622	114.5475	113.5142	114.2983	22193587
2017-01-06	114.4649	115.8176	114.1611	115.5725	31751900
2017-01-09	115.6118	117.0624	115.602	116.6311	33561948
2017-01-10	116.4155	117.0134	115.9548	116.7488	24462051
2017-01-11	116.3861	117.5525	116.2489	117.3761	27588593
2017-01-12	116.538	116.935	115.8666	116.886	27086220
2017-01-13	116.7488	117.2486	116.4547	116.6801	26111948
2017-01-17	115.994	117.8564	115.8764	117.6211	34439843
2017-01-18	117.6211	118.1112	117.3369	117.6113	23712961
2017-01-19	117.033	117.7093	117.0036	117.4055	25597291
2017-01-20	118.0622	118.0622	117.361	117.6211	32597892
2017-01-23	117.6211	118.4151	117.3957	117.6995	22050218
2017-01-24	117.18	117.7191	117.131	117.5917	23211038
2017-01-25	118.0328	119.6795	117.8956	119.4638	32586673
2017-01-26	119.258	120.0127	119.1894	119.5227	26337576
2017-01-27	119.7187	119.9245	119.1894	119.5325	20562944
2017-01-30	118.5327	119.2188	118.268	119.2188	30377503
2017-01-31	118.7483	118.9836	118.2288	118.9444	49200993
2017-02-01	124.5117	127.9032	124.4921	126.1977	111985040
2017-02-02	125.438	126.825	125.2469	125.982	33710411
2017-02-03	125.7664	126.6289	125.6193	126.5211	24507301
2017-02-06	126.5701	127.913	126.3447	127.7071	26845924
2017-02-07	127.9522	129.4714	127.864	128.9225	38183841
2017-02-08	128.7461	129.5989	128.6187	129.4224	23004072
2017-02-09	129.5996	130.3823	129.0779	130.3577	28349859
2017-02-10	130.397	130.8696	129.9934	130.0623	20065458
2017-02-13	131.0074	131.7358	130.6825	131.2141	23035421
2017-02-14	131.3913	132.9861	131.1747	132.9172	33226223
2017-02-15	133.4094	134.1477	132.5234	133.3995	35623100
2017-02-16	133.557	133.7835	132.7398	133.2371	22584555
2017-02-17	132.9959	133.7145	132.9959	133.6063	22198197
2017-02-21	134.1083	134.6202	133.8622	134.571	24507156
2017-02-22	134.3052	134.9845	133.9902	134.9746	20836932
2017-02-23	135.2404	135.3388	134.1772	134.4036	20788186
2017-02-24	133.7933	134.5316	133.1731	134.5316	21776585
2017-02-27	135.0041	135.2945	134.1575	134.7974	20257426
2017-02-28	134.9451	135.2945	134.571	134.8565	23482860
2017-03-01	135.7425	137.9673	135.4521	137.6129	36414585
2017-03-02	137.8196	138.0939	136.5989	136.7958	26210984
2017-03-03	136.6186	137.6522	136.4316	137.603	21571121
2017-03-06	137.1945	137.5932	136.4374	137.1699	21750044
2017-03-07	136.8942	137.7999	136.6284	137.3471	17446297
2017-03-08	136.786	137.6227	136.658	136.8352	18707236
2017-03-09	136.5792	136.6284	134.9155	136.5202	22155904
2017-03-10	137.0813	137.1867	136.4808	136.973	19612801
2017-03-13	136.6875	137.2585	136.658	137.0321	17421717
2017-03-14	137.1305	137.4751	136.6777	136.8253	15309065
2017-03-15	137.2388	138.558	136.8598	138.2724	25691774
2017-03-16	138.5284	138.8237	138.0755	138.4989	19231998
2017-03-17	138.804	138.804	137.7113	137.8098	43884952
2017-03-20	138.2134	139.2962	138.046	139.2569	21542038
2017-03-21	139.8967	140.576	137.5538	137.6621	39529912
2017-03-22	137.667	139.3947	137.5833	139.2175	25860165
2017-03-23	139.06	139.3793	138.4201	138.7253	20346301
2017-03-24	139.2962	139.5325	138.1641	138.4496	22395563
2017-03-27	137.2191	139.0206	136.4611	138.6859	23575094
2017-03-28	138.7154	141.7967	138.4299	141.5604	33374805
2017-03-29	141.4423	142.2397	140.9599	141.8754	29189955
2017-03-30	141.9443	142.2495	141.2651	141.6884	21207252
2017-03-31	141.4817	142.0231	140.7827	141.4226	19661651
2017-04-03	141.4718	141.8754	140.8221	141.462	19985714
2017-04-04	141.019	142.6334	140.9402	142.5153	19891354
2017-04-05	141.9739	143.1946	141.5703	141.777	27717854
2017-04-06	142.0428	142.2692	141.2159	141.4226	21149034
2017-04-07	141.4915	141.9345	141.0387	141.1076	16658543
2017-04-10	141.3635	141.6384	140.6744	140.9402	18933397
2017-04-11	140.7138	141.1174	137.8787	139.4242	30379376
2017-04-12	139.3947	139.9361	138.8139	139.5916	20350000
2017-04-13	139.6999	140.1625	138.8532	138.8532	17822880
2017-04-17	139.2765	139.6703	138.676	139.6211	16582094
2017-04-18	139.2076	139.8278	138.9123	139.0009	14697544
2017-04-19	139.6703	139.7885	138.2626	138.489	17328375
2017-04-20	139.0206	140.6941	138.9615	140.2216	23319562
2017-04-21	140.2216	140.4579	139.6408	140.0542	17320928
2017-04-24	141.2651	141.7081	140.9501	141.4029	17134333
2017-04-25	141.6687	142.6433	141.6293	142.279	18871501
2017-04-26	142.22	142.348	141.1432	141.4423	20041241
2017-04-27	141.681	141.9148	141.078	141.5506	14246347
2017-04-28	141.8459	142.0526	141.0387	141.4128	20860358
2017-05-01	142.8402	144.9075	142.7024	144.2971	33602943
2017-05-02	145.2422	145.7836	144.5531	145.2126	45352194
2017-05-03	143.3225	145.1929	142.0231	144.7696	45697034
2017-05-04	144.2381	144.8484	143.5391	144.2479	23371872
2017-05-05	144.4743	146.6597	144.4743	146.6401	27327725
2017-05-08	146.709	151.3062	146.709	150.627	48752413
2017-05-09	151.4736	152.4679	151.0601	151.5917	39130363
2017-05-10	151.2373	151.5425	149.741	150.8731	25805692
2017-05-11	150.6952	152.2966	150.5568	152.1779	27255058
2017-05-12	152.9193	154.6195	152.8897	154.3032	32527017
2017-05-15	154.2142	154.8469	153.2653	153.9078	26009719
2017-05-16	154.145	154.2637	152.9391	153.6804	20048478
2017-05-17	151.832	152.7908	147.9867	148.5205	50767678
2017-05-18	149.5288	151.575	149.3904	150.7842	33568215
2017-05-19	151.6145	152.2076	150.8731	151.2982	26960788
2017-05-22	152.2274	152.8007	151.1499	152.2175	22966437
2017-05-23	153.117	153.117	151.5453	152.0297	19918871
2017-05-24	152.0692	152.3954	150.9127	151.575	19219154
2017-05-25	151.9605	152.5733	151.2685	152.0989	19235598
2017-05-26	152.2274	152.4646	151.5453	151.8419	21927637
2017-05-30	151.654	152.6524	151.5651	151.9012	20126851
2017-05-31	152.1977	152.3954	150.626	151.0016	24451164
2017-06-01	151.4069	151.5651	150.4679	151.4168	16404088
2017-06-02	151.8122	153.6607	151.1301	153.6607	27770715
2017-06-05	152.5635	152.6722	151.6936	152.1582	25331662
2017-06-06	152.1285	154.0165	152.0099	152.6722	26624926
2017-06-07	153.2356	154.1846	152.7018	153.5816	21069647
2017-06-08	153.463	153.7496	152.6228	153.206	21250798
2017-06-09	153.4037	153.4037	144.3392	147.2651	64882657
2017-06-12	144.0624	144.4084	140.8696	143.7461	72307330
2017-06-13	145.4661	145.7528	143.4792	144.9027	34165445
2017-06-14	145.8022	145.8022	142.1843	143.4891	31531232
2017-06-15	141.6703	142.8167	140.5731	142.6291	32165373
2017-06-16	142.125	142.8367	140.5632	140.6324	50361093
2017-06-19	142.0064	145.0509	142.0064	144.6555	32541404
2017-06-20	145.1794	145.1794	143.2717	143.3408	24900073
2017-06-21	143.845	144.388	142.9454	144.1909	21265751
2017-06-22	144.0921	145.0114	143.4495	143.9537	19106294
2017-06-23	143.4595	145.4661	143.4397	144.5962	35439389
2017-06-26	145.476	146.5732	143.7066	144.1415	25692361
2017-06-27	143.3408	144.4776	141.9668	142.0756	24761891
2017-06-28	142.8268	144.4282	141.5122	144.1514	22082432
2017-06-29	143.0443	143.4595	140.6423	142.0262	31499368
2017-06-30	142.7873	143.2914	142.125	142.3622	23024107
2017-07-03	143.2123	143.6276	141.4528	141.8482	14277848
2017-07-05	142.036	143.1234	141.0809	142.4314	21569557
2017-07-06	141.3738	141.8482	140.7708	141.0871	24128782
2017-07-07	141.2551	143.0838	141.2551	142.5204	19201712
2017-07-10	142.4512	144.27	141.7197	143.3903	21090636
2017-07-11	143.0641	144.1712	142.7181	143.8549	19781836
2017-07-12	144.1909	144.4974	143.153	144.0624	24884478
2017-07-13	143.8252	146.7808	143.7659	146.0691	25199373
2017-07-14	146.2668	147.6111	145.6341	147.3245	20132061
2017-07-17	147.107	149.163	146.8599	147.8385	23793456
2017-07-18	147.4826	148.4019	146.9587	148.3525	17868792
2017-07-19	148.7479	149.6771	148.224	149.2817	20922969
2017-07-20	149.7561	149.9934	148.4612	148.6095	17243748
2017-07-21	148.2635	148.7083	147.1663	148.5403	26252630
2017-07-24	148.8467	150.6853	148.1746	150.3394	21493160
2017-07-25	150.0527	152.0692	150.0527	150.9819	18853932
2017-07-26	151.5848	152.1582	151.2982	151.6936	15780951
2017-07-27	151.9802	152.2175	145.6045	148.827	32476337
2017-07-28	148.1647	148.5008	147.4727	147.7792	17213653
2017-07-31	148.1746	148.5996	146.4249	147.018	19845920
2017-08-01	155.2521	157.0907	154.8667	156.7645	21194042
2017-08-02	157.4466	157.9112	154.3625	155.3312	69936800
2017-08-03	155.2423	155.4004	153.2356	153.7793	27097296
2017-08-04	154.2735	155.5882	153.8979	154.5899	20559852
2017-08-07	155.2521	157.0907	154.8667	156.982	21870321
2017-08-08	156.7744	159.9672	156.4482	158.2374	36205896
2017-08-09	157.4268	159.4137	157.2785	159.2061	26131530
2017-08-10	158.6802	158.7794	153.4504	154.1351	40804273
2017-08-11	155.4054	157.3631	154.8794	156.2787	26257096
2017-08-14	158.1046	158.9878	157.539	158.6306	22122734
2017-08-15	159.4344	160.9577	158.9184	160.3672	29465487
2017-08-16	160.7046	161.2703	158.9283	159.7222	27671612
2017-08-17	159.2955	159.484	156.6359	156.6558	27940565
2017-08-18	156.6558	158.2833	155.5245	156.2985	27428069
2017-08-21	156.2985	156.6855	153.9269	156.0107	26368528
2017-08-22	157.023	158.7794	156.8146	158.5611	21604585
2017-08-23	157.8565	159.2459	157.668	158.7596	19399081
2017-08-24	159.2062	159.5138	157.3405	158.055	19818918
2017-08-25	158.4321	159.3352	158.055	158.6405	25480063
2017-08-28	158.9184	160.7642	158.71	160.2382	25965972
2017-08-29	158.8787	161.8756	158.7794	161.6672	29516910
2017-08-30	162.5505	162.6398	161.3695	162.1039	27269584
2017-08-31	162.3917	163.265	162.2329	162.7489	26785096
2017-09-01	163.5428	163.6818	162.3818	162.7986	16591051
2017-09-05	162.5008	162.997	159.3352	160.8436	29536314
2017-09-06	161.4688	161.7466	159.2955	160.6749	21651726
2017-09-07	160.8535	161.0024	159.1367	160.0298	21928502
2017-09-08	159.6329	159.9207	157.3207	157.4199	28611535
2017-09-11	159.2756	160.8138	158.6703	160.268	31580798
2017-09-12	161.3695	162.7092	157.5588	159.6329	71714046
2017-09-13	158.6504	158.7398	156.7054	158.4321	44907361
2017-09-14	157.7772	158.184	156.884	157.0726	23760749
2017-09-15	157.2611	159.742	156.7947	158.6604	49114602
2017-09-18	158.8886	159.2756	156.7897	157.4596	28269435
2017-09-19	158.2932	158.5512	157.2313	157.5191	20810632
2017-09-20	156.6955	157.0527	152.6565	154.8794	52951364
2017-09-21	154.6115	154.6115	151.5848	152.2199	37511661
2017-09-22	150.8603	151.1084	149.4115	150.7313	46645443
2017-09-25	148.8458	150.6718	148.0221	149.4015	44387336
2017-09-26	150.6222	152.7458	150.5328	151.9718	36660045
2017-09-27	152.6267	153.5386	152.3687	153.0535	25504227
2017-09-28	152.7161	153.1031	151.5351	152.1107	22005455
2017-09-29	152.0412	152.9542	150.8405	152.9443	26299810
2017-10-02	153.0832	153.2718	151.555	152.6367	18698842
2017-10-03	152.8351	153.9069	152.7359	153.3016	16230293
2017-10-04	152.458	152.6863	151.297	152.3092	20163750
2017-10-05	153.0038	154.2542	152.8748	154.2046	21283769
2017-10-06	153.7878	154.3039	153.3809	154.1153	17407558
2017-10-09	154.6214	155.5344	154.2989	154.6512	16262923
2017-10-10	154.8645	156.7947	153.9168	154.7107	15617014
2017-10-11	154.7802	155.7825	154.5619	155.3558	16905640
2017-10-12	155.1573	156.1695	154.5419	154.81	16125054
2017-10-13	155.5344	156.0802	155.2168	155.7924	16394188
2017-10-16	156.6955	158.7794	156.4474	158.6604	24121452
2017-10-17	158.5611	159.6428	158.0153	159.2459	18997275
2017-10-18	159.1962	159.484	158.3825	158.5413	16374164
2017-10-19	155.5542	155.8817	153.8374	154.7901	42584166
2017-10-20	155.4153	156.5466	154.7703	155.0581	23974146
2017-10-23	155.6932	156.4871	154.3138	154.9787	21984327
2017-10-24	155.0977	156.2191	155.0084	155.9016	17757230
2017-10-25	155.713	156.3481	154.0855	155.2168	21207098
2017-10-26	156.0306	156.6255	155.584	156.2092	17000469
2017-10-27	158.0749	162.352	157.4894	161.8062	44454160
2017-10-30	162.6398	166.7879	162.4711	165.4482	44700772
2017-10-31	166.6192	168.3557	165.6665	167.7505	36046828
2017-11-01	168.5742	168.6436	164.3467	165.6169	33637762
2017-11-02	166.3612	167.2146	164.0192	166.8276	41393373
2017-11-03	172.6726	172.9307	169.8146	171.1841	59398631
2017-11-06	171.0501	173.6551	170.41	172.9207	35026306
2017-11-07	172.5833	173.9131	172.2757	173.4765	24361485
2017-11-08	173.3276	174.8956	173.0001	174.8956	24409527
2017-11-09	173.7742	174.7517	171.8192	174.5383	29185668
2017-11-10	174.3989	174.6678	173.5623	173.9607	25145500
2017-11-13	172.7954	173.7914	172.6958	173.2635	16982080
2017-11-14	172.3373	172.7755	170.4848	170.6442	24782487
2017-11-15	169.2798	169.628	167.6962	168.3934	29158070
2017-11-16	170.4848	171.172	169.6084	170.4052	23637484
2017-11-17	170.3454	170.694	168.9511	169.459	21899544
2017-11-20	169.5985	169.8674	168.8714	169.2897	16262447
2017-11-21	170.0865	172.9946	170.0865	172.4369	25131295
2017-11-22	172.656	174.2893	172.3472	174.2495	25588925
2017-11-24	174.3889	174.7873	173.9367	174.2594	14026673
2017-11-27	174.3391	174.369	172.6361	173.383	20716802
2017-11-28	173.5922	174.1599	171.1621	172.3672	26428802
2017-11-29	171.9289	172.2178	166.4812	168.7917	41666364
2017-11-30	169.7379	171.4409	167.756	171.1521	41527218
2017-12-01	169.2598	170.9728	167.8157	170.3554	39759288
2017-12-04	171.7796	171.919	168.9411	169.1104	32542385
2017-12-05	168.3734	170.8235	167.7161	168.9511	27350154
2017-12-06	166.8198	169.5135	165.784	168.3236	28560000
2017-12-07	168.3436	169.7478	168.2241	168.6324	25673308
2017-12-08	169.7976	170.3056	168.1344	168.6822	23355231
2017-12-11	168.5129	172.1879	168.1045	171.9688	35273759
2017-12-12	171.4509	171.6899	170.7647	171.0027	19409230
2017-12-13	171.7995	172.8353	171.3015	171.5704	23818447
2017-12-14	171.6999	172.4269	170.9529	171.5206	20476541
2017-12-15	172.9249	173.4627	171.7596	173.2635	40169307
2017-12-18	174.1698	176.4804	174.1499	175.7036	29421114
2017-12-19	174.3192	174.6777	173.383	173.8312	27436447
2017-12-20	174.1599	174.7076	172.5464	173.642	23475649
2017-12-21	173.4627	175.3052	173.393	174.2993	20949896
2017-12-22	173.9706	174.7116	173.7914	174.2993	16349444
2017-12-26	170.1064	170.7737	168.9899	169.8773	33185536
2017-12-27	169.4092	170.0865	169.0208	169.9072	21498213
2017-12-28	170.3056	171.1521	169.7877	170.3852	16480187
2017-12-29	169.8275	169.8972	168.5328	168.5428	25999922
2018-01-02	169.469	171.6003	168.5726	171.5605	25555934
2018-01-03	171.8294	173.8412	171.2617	171.5306	29517899
2018-01-04	171.8393	172.7655	171.3812	172.3273	22434597
2018-01-05	172.7357	174.6578	172.3472	174.2893	23660018
2018-01-08	173.642	174.8968	173.2237	173.642	20567766
2018-01-09	173.8412	174.3491	172.7058	173.622	21583997
2018-01-10	172.4568	173.5922	172.2974	173.5822	23959895
2018-01-11	173.881	174.7759	173.7814	174.5682	18667729
2018-01-12	175.4645	176.6397	174.9367	176.3708	25418080
2018-01-16	177.1775	178.6615	175.4247	175.4745	29565947
2018-01-17	175.4347	178.5221	174.359	178.3727	34386836
2018-01-18	178.6416	179.3686	177.5261	178.532	31193352
2018-01-19	177.8847	178.8507	176.6895	177.7353	32425067
2018-01-22	176.58	177.058	175.8844	176.2812	27108551
2018-01-23	176.58	178.7113	176.1019	176.321	32689146
2018-01-24	176.5302	176.58	172.4966	173.5125	51105090
2018-01-25	173.7963	174.2395	169.8375	170.4151	41529004
2018-01-26	171.3015	171.3015	169.3694	170.8135	39143011
2018-01-29	169.469	169.469	166.3915	167.2779	50640406
2018-01-30	164.8528	166.6903	164.0312	166.2919	46048185
2018-01-31	166.1923	167.7577	165.8238	166.7501	32478930
2018-02-01	166.4861	167.9352	166.0828	167.0986	47230787
2018-02-02	165.3259	166.1226	159.4498	159.8482	86593825
2018-02-05	158.4539	163.2145	155.3665	155.8545	72738522
2018-02-06	154.2012	163.0551	153.3746	162.3679	68243838
2018-02-07	162.4227	162.7364	158.4225	158.8921	51608580
2018-02-08	159.6391	160.3462	154.4004	154.5199	54390516
2018-02-09	157.07	157.89	150.24	156.41	70672608
2018-02-12	158.5	163.89	157.51	162.71	60819539
2018-02-13	161.95	164.75	161.65	164.34	32549163
2018-02-14	163.045	167.54	162.88	167.37	40644933
2018-02-15	169.79	173.09	169.0	172.99	51147171
2018-02-16	172.36	174.82	171.77	172.43	40176091
2018-02-20	172.05	174.26	171.42	171.85	33930540
2018-02-21	172.83	174.12	171.01	171.07	37471623
2018-02-22	171.8	173.95	171.71	172.5	30991940
2018-02-23	173.67	175.65	173.54	175.5	33812360
2018-02-26	176.35	179.39	176.21	178.97	38162174
2018-02-27	179.1	180.48	178.16	178.39	38928125
2018-02-28	179.26	180.615	178.05	178.12	37782138
2018-03-01	178.54	179.775	172.66	175.0	48801970
2018-03-02	172.8	176.3	172.45	176.21	38453950
2018-03-05	175.21	177.74	174.52	176.82	28401366
2018-03-06	177.91	178.25	176.13	176.67	23788506
2018-03-07	174.94	175.85	174.27	175.03	31703462
2018-03-08	175.48	177.12	175.07	176.94	23774107
2018-03-09	177.96	180.0	177.39	179.98	32185162
2018-03-12	180.29	182.39	180.21	181.72	32207081
2018-03-13	182.59	183.5	179.24	179.97	31693529
2018-03-14	180.32	180.52	177.81	178.44	29368356
2018-03-15	178.5	180.24	178.0701	178.65	22743798
2018-03-16	178.65	179.12	177.62	178.02	39404688
2018-03-19	177.32	177.47	173.66	175.3	33446771
2018-03-20	175.24	176.8	174.94	175.24	19649350
2018-03-21	175.04	175.09	171.26	171.27	37054935
2018-03-22	170.0	172.68	168.6	168.85	41490767
2018-03-23	168.39	169.92	164.94	164.94	41028784
2018-03-26	168.07	173.1	166.44	172.77	37541236
2018-03-27	173.68	175.15	166.92	168.34	40922579
2018-03-28	167.25	170.02	165.19	166.48	41668545
2018-03-29	167.805	171.75	166.9	167.78	38398505
2018-04-02	167.88	168.94	164.47	166.68	37586791
2018-04-03	167.64	168.7455	164.88	168.39	30278046
2018-04-04	164.88	172.01	164.77	171.61	34605489
2018-04-05	172.58	174.2304	172.08	172.8	26933197
2018-04-06	170.97	172.48	168.2	168.38	35005290
